row_id,pd_xgb,pd_lr,default,sex,age,personal_status,foreign_worker
0,0.025036,0.043146,0,male,67,male: single,yes
1,0.585056,0.573218,1,female,22,female: divorced/separated/married,yes
2,0.016346,0.030679,0,male,49,male: single,yes
3,0.596947,0.317875,0,male,45,male: single,yes
4,0.880727,0.735882,1,male,53,male: single,yes
5,0.2053,0.284673,0,male,35,male: single,yes
6,0.06365,0.097469,0,male,53,male: single,yes
7,0.425784,0.413592,0,male,35,male: single,yes
8,0.009334,0.0091,0,male,61,male: divorced/separated,yes
9,0.649876,0.639805,1,male,28,male: married/widowed,yes
10,0.685583,0.656324,1,female,25,female: divorced/separated/married,yes
11,0.921357,0.848841,1,female,24,female: divorced/separated/married,yes
12,0.240975,0.19119,0,female,22,female: divorced/separated/married,yes
13,0.438105,0.387807,1,male,60,male: single,yes
14,0.690812,0.669775,0,female,28,female: divorced/separated/married,yes
15,0.646491,0.390657,1,female,32,female: divorced/separated/married,yes
16,0.015056,0.032918,0,male,53,male: single,yes
17,0.74366,0.853356,0,male,25,male: single,yes
18,0.597682,0.444785,1,female,44,female: divorced/separated/married,yes
19,0.043997,0.091521,0,male,31,male: single,yes
20,0.027472,0.14225,0,male,48,male: single,yes
21,0.123069,0.240327,0,male,44,male: single,yes
22,0.147634,0.379417,0,male,48,male: single,no
23,0.06721,0.078234,0,male,44,male: single,yes
24,0.029271,0.020998,0,male,26,male: married/widowed,no
25,0.113576,0.252604,0,male,36,male: single,yes
26,0.073252,0.127818,0,male,39,male: married/widowed,yes
27,0.426978,0.185108,0,female,42,female: divorced/separated/married,yes
28,0.058556,0.118517,0,male,34,male: single,yes
29,0.905578,0.780808,1,male,63,male: single,yes
30,0.400293,0.281059,0,male,36,male: married/widowed,yes
31,0.531908,0.659058,0,male,27,male: single,yes
32,0.446177,0.526769,0,male,30,male: single,yes
33,0.04206,0.040561,0,male,57,male: single,yes
34,0.35975,0.403176,0,female,33,female: divorced/separated/married,yes
35,0.781876,0.606213,1,male,25,male: single,yes
36,0.507962,0.397813,0,male,31,male: single,yes
37,0.202323,0.280473,1,male,37,male: single,yes
38,0.257798,0.189525,0,male,37,male: single,yes
39,0.284504,0.313738,0,male,24,male: single,yes
40,0.208542,0.232469,0,male,30,male: single,yes
41,0.22213,0.180311,0,male,26,male: divorced/separated,yes
42,0.37646,0.344755,0,male,44,male: single,yes
43,0.173056,0.145596,0,male,24,male: married/widowed,yes
44,0.446883,0.487309,1,female,58,female: divorced/separated/married,yes
45,0.096206,0.181547,0,female,35,female: divorced/separated/married,yes
46,0.055481,0.144453,0,male,39,male: single,yes
47,0.119153,0.108328,0,female,23,female: divorced/separated/married,yes
48,0.043743,0.111842,0,male,39,male: single,yes
49,0.095299,0.113357,0,female,28,female: divorced/separated/married,yes
50,0.385733,0.411552,0,male,29,male: single,yes
51,0.214642,0.185295,0,male,30,male: single,yes
52,0.155098,0.108838,0,male,25,male: single,yes
53,0.012342,0.021193,0,male,31,male: single,yes
54,0.720542,0.740752,1,male,57,male: single,yes
55,0.16408,0.046976,0,male,26,male: single,yes
56,0.096888,0.12177,1,male,52,male: single,yes
57,0.402623,0.275647,0,female,31,female: divorced/separated/married,yes
58,0.655869,0.40946,0,female,23,female: divorced/separated/married,yes
59,0.80678,0.828525,1,female,23,female: divorced/separated/married,yes
60,0.148034,0.310466,0,male,27,male: married/widowed,yes
61,0.013053,0.019405,0,male,50,male: single,yes
62,0.629566,0.471727,1,male,61,male: single,yes
63,0.909279,0.85023,1,male,25,male: single,yes
64,0.139566,0.230147,0,female,26,female: divorced/separated/married,yes
65,0.14762,0.239814,0,male,48,male: single,yes
66,0.247456,0.172069,0,female,29,female: divorced/separated/married,yes
67,0.47808,0.305415,0,male,22,male: married/widowed,yes
68,0.234199,0.498414,1,male,37,male: single,yes
69,0.156525,0.141803,0,female,25,female: divorced/separated/married,yes
70,0.292154,0.217556,0,female,30,female: divorced/separated/married,yes
71,0.013018,0.022294,0,male,46,male: single,yes
72,0.231345,0.195608,0,male,51,male: single,yes
73,0.235657,0.340894,0,female,41,female: divorced/separated/married,yes
74,0.462481,0.543403,1,male,40,male: single,yes
75,0.106561,0.11917,0,male,66,male: single,yes
76,0.675796,0.747171,1,male,34,male: single,yes
77,0.166252,0.140133,0,male,51,male: single,yes
78,0.145308,0.173798,0,male,39,male: single,yes
79,0.43186,0.553038,0,male,22,male: married/widowed,yes
80,0.03234,0.041175,1,female,44,female: divorced/separated/married,yes
81,0.102094,0.097332,0,male,47,male: single,yes
82,0.219688,0.175464,0,female,24,female: divorced/separated/married,yes
83,0.258154,0.116917,0,female,58,female: divorced/separated/married,yes
84,0.156474,0.247308,0,male,52,male: single,yes
85,0.053214,0.025449,0,female,29,female: divorced/separated/married,yes
86,0.384249,0.343592,0,female,27,female: divorced/separated/married,yes
87,0.702585,0.648175,1,male,47,male: single,yes
88,0.379714,0.429259,0,male,30,male: single,yes
89,0.443855,0.436331,1,male,28,male: single,yes
90,0.016429,0.034342,0,male,56,male: single,yes
91,0.062014,0.07574,0,male,54,male: single,yes
92,0.091661,0.025108,1,female,33,female: divorced/separated/married,yes
93,0.200464,0.422124,0,male,20,male: single,yes
94,0.204703,0.155918,0,male,54,male: single,yes
95,0.960008,0.950497,1,male,58,male: single,yes
96,0.014109,0.021989,0,female,61,female: divorced/separated/married,yes
97,0.352019,0.433569,0,male,34,male: single,yes
98,0.331275,0.310093,0,male,36,male: single,yes
99,0.040936,0.173203,0,male,36,male: single,yes
100,0.131253,0.254031,0,male,41,male: married/widowed,yes
101,0.727349,0.559407,0,male,24,male: single,yes
102,0.063431,0.057812,0,female,24,female: divorced/separated/married,yes
103,0.104823,0.158242,0,male,35,male: single,yes
104,0.03661,0.033622,0,male,26,male: married/widowed,yes
105,0.388531,0.230621,1,male,39,male: single,yes
106,0.468475,0.545723,1,male,39,male: single,yes
107,0.216509,0.402072,0,male,32,male: single,yes
108,0.424815,0.297147,0,female,30,female: divorced/separated/married,no
109,0.101487,0.101549,0,male,35,male: married/widowed,yes
110,0.189523,0.235396,0,male,31,male: divorced/separated,yes
111,0.507816,0.584194,0,female,23,female: divorced/separated/married,yes
112,0.553825,0.580351,0,male,28,male: single,yes
113,0.5646,0.398034,1,female,25,female: divorced/separated/married,yes
114,0.187774,0.200468,0,male,35,male: married/widowed,yes
115,0.013549,0.038553,0,male,47,male: single,yes
116,0.152062,0.307184,1,female,30,female: divorced/separated/married,yes
117,0.147038,0.226358,0,female,27,female: divorced/separated/married,no
118,0.286854,0.23777,1,female,23,female: divorced/separated/married,yes
119,0.051918,0.09342,0,male,36,male: divorced/separated,yes
120,0.583238,0.369862,1,female,25,female: divorced/separated/married,yes
121,0.03564,0.069756,0,female,41,female: divorced/separated/married,yes
122,0.183884,0.167962,0,male,24,male: single,yes
123,0.255779,0.174967,0,male,63,male: single,yes
124,0.290047,0.330452,1,female,27,female: divorced/separated/married,yes
125,0.551929,0.560336,0,male,30,male: single,yes
126,0.47591,0.335647,0,male,40,male: married/widowed,yes
127,0.520031,0.408775,1,male,30,male: single,yes
128,0.144146,0.115528,0,male,34,male: single,yes
129,0.13948,0.486308,1,female,29,female: divorced/separated/married,yes
130,0.557661,0.443795,0,female,24,female: divorced/separated/married,yes
131,0.802692,0.867183,1,male,29,male: single,yes
132,0.272364,0.271915,0,male,27,male: single,yes
133,0.433982,0.345354,0,male,47,male: single,yes
134,0.382228,0.194349,0,female,21,female: divorced/separated/married,yes
135,0.015287,0.017342,0,female,38,female: divorced/separated/married,yes
136,0.129849,0.045688,0,male,27,male: single,yes
137,0.167661,0.102246,1,male,66,male: single,yes
138,0.027466,0.043592,0,male,35,male: single,yes
139,0.166659,0.160775,0,female,44,female: divorced/separated/married,yes
140,0.162908,0.080847,0,male,27,male: married/widowed,no
141,0.712042,0.731477,0,female,30,female: divorced/separated/married,yes
142,0.489289,0.532032,0,male,27,male: single,yes
143,0.483856,0.454039,1,male,22,male: single,yes
144,0.173276,0.105868,0,female,23,female: divorced/separated/married,yes
145,0.435331,0.689267,0,male,30,male: single,yes
146,0.216833,0.250816,0,female,39,female: divorced/separated/married,yes
147,0.023881,0.036786,0,female,51,female: divorced/separated/married,yes
148,0.555063,0.394361,0,male,28,male: single,yes
149,0.014529,0.023067,0,male,46,male: single,yes
150,0.083497,0.069327,0,male,42,male: single,yes
151,0.024753,0.049406,0,male,38,male: single,no
152,0.438821,0.553376,0,male,24,male: single,yes
153,0.199836,0.144809,0,female,29,female: divorced/separated/married,yes
154,0.24366,0.365752,0,male,36,male: single,yes
155,0.5305,0.48201,1,female,20,female: divorced/separated/married,yes
156,0.063096,0.106595,0,male,48,male: single,no
157,0.829846,0.596039,0,male,45,male: married/widowed,yes
158,0.151578,0.434915,0,male,38,male: single,yes
159,0.009497,0.008592,0,male,34,male: single,yes
160,0.014563,0.034002,0,male,36,male: single,yes
161,0.236006,0.210425,0,female,30,female: divorced/separated/married,yes
162,0.042473,0.066276,0,male,36,male: single,yes
163,0.508407,0.584418,0,male,70,male: single,yes
164,0.335939,0.301623,0,male,36,male: single,yes
165,0.025319,0.03576,0,male,32,male: single,yes
166,0.749846,0.520311,1,female,33,female: divorced/separated/married,yes
167,0.264528,0.204195,0,female,20,female: divorced/separated/married,yes
168,0.130607,0.124525,0,female,25,female: divorced/separated/married,yes
169,0.233341,0.220376,1,male,31,male: divorced/separated,yes
170,0.944058,0.835038,1,male,33,male: single,yes
171,0.096574,0.102526,0,female,26,female: divorced/separated/married,yes
172,0.435977,0.288097,1,female,34,female: divorced/separated/married,yes
173,0.091084,0.146175,0,male,33,male: single,no
174,0.345205,0.662273,1,male,26,male: single,yes
175,0.081767,0.099067,1,female,53,female: divorced/separated/married,yes
176,0.302116,0.347621,0,male,42,male: divorced/separated,yes
177,0.070886,0.119666,0,male,52,male: single,yes
178,0.075833,0.12647,0,male,31,male: single,yes
179,0.562215,0.336606,0,male,65,male: single,yes
180,0.333555,0.318604,1,male,28,male: divorced/separated,yes
181,0.515384,0.479666,1,male,30,male: divorced/separated,yes
182,0.565982,0.608807,1,male,40,male: single,yes
183,0.020283,0.021107,0,male,50,male: single,yes
184,0.602463,0.406744,1,male,36,male: single,yes
185,0.053861,0.085632,0,male,31,male: single,yes
186,0.181952,0.198701,1,female,74,female: divorced/separated/married,yes
187,0.408152,0.144735,0,male,68,male: single,yes
188,0.309985,0.206903,1,male,20,male: married/widowed,yes
189,0.507896,0.576402,0,female,33,female: divorced/separated/married,yes
190,0.115191,0.032995,1,male,54,male: single,yes
191,0.329898,0.610229,1,male,34,male: single,yes
192,0.3657,0.498111,1,male,36,male: single,yes
193,0.03013,0.051431,0,male,29,male: married/widowed,yes
194,0.552101,0.491705,1,male,21,male: single,yes
195,0.086515,0.127588,1,female,34,female: divorced/separated/married,yes
196,0.015662,0.025215,0,female,28,female: divorced/separated/married,yes
197,0.662266,0.747116,1,female,27,female: divorced/separated/married,yes
198,0.106965,0.214981,0,male,36,male: single,yes
199,0.589056,0.399098,1,male,40,male: divorced/separated,yes
200,0.039352,0.040944,0,male,52,male: single,yes
201,0.61936,0.603714,0,male,27,male: married/widowed,yes
202,0.223751,0.157185,0,male,26,male: single,yes
203,0.53945,0.287932,1,male,21,male: married/widowed,yes
204,0.038805,0.096721,0,male,38,male: single,yes
205,0.561014,0.462912,0,male,38,male: single,yes
206,0.023663,0.067215,0,male,43,male: single,yes
207,0.201276,0.179632,0,male,26,male: single,yes
208,0.690999,0.76148,0,male,21,male: married/widowed,yes
209,0.015282,0.007743,0,male,55,male: single,no
210,0.016328,0.011468,0,male,33,male: single,yes
211,0.02327,0.040644,0,female,45,female: divorced/separated/married,yes
212,0.696573,0.718703,1,male,50,male: single,yes
213,0.21934,0.112568,1,male,66,male: single,yes
214,0.017046,0.027668,0,male,51,male: single,yes
215,0.040812,0.012968,0,female,39,female: divorced/separated/married,yes
216,0.38586,0.525038,0,male,31,male: single,yes
217,0.442737,0.271378,0,male,23,male: single,yes
218,0.638742,0.553365,0,male,24,male: divorced/separated,yes
219,0.056886,0.091537,0,female,64,female: divorced/separated/married,yes
220,0.22264,0.317661,0,male,26,male: married/widowed,yes
221,0.713848,0.729154,0,female,23,female: divorced/separated/married,yes
222,0.254955,0.209915,0,male,30,male: single,yes
223,0.041915,0.067814,0,male,32,male: single,yes
224,0.068126,0.069151,0,male,30,male: single,yes
225,0.384146,0.631243,0,male,27,male: single,yes
226,0.550327,0.458366,1,male,27,male: single,yes
227,0.593483,0.506172,1,male,53,male: single,yes
228,0.057736,0.064038,1,male,22,male: single,yes
229,0.71772,0.842726,0,male,22,male: single,yes
230,0.434113,0.448338,1,male,26,male: single,yes
231,0.05066,0.08775,0,male,51,male: single,yes
232,0.033652,0.056755,0,male,35,male: single,yes
233,0.397286,0.173318,0,male,25,male: married/widowed,yes
234,0.008053,0.015964,0,male,42,male: single,yes
235,0.596565,0.645039,1,male,30,male: single,yes
236,0.307231,0.252661,1,male,23,male: single,yes
237,0.39216,0.510585,1,male,61,male: divorced/separated,yes
238,0.043771,0.077474,0,female,35,female: divorced/separated/married,yes
239,0.323951,0.17728,0,male,39,male: single,yes
240,0.88275,0.586283,1,female,29,female: divorced/separated/married,yes
241,0.018022,0.039051,0,male,51,male: single,yes
242,0.819554,0.717921,1,male,24,male: single,yes
243,0.051158,0.062214,0,female,27,female: divorced/separated/married,yes
244,0.06903,0.086685,0,female,35,female: divorced/separated/married,yes
245,0.127643,0.076365,0,male,25,male: single,yes
246,0.016784,0.051171,0,male,52,male: single,yes
247,0.51252,0.609348,0,male,35,male: single,no
248,0.394576,0.211305,0,male,26,male: single,yes
249,0.082856,0.15401,1,female,22,female: divorced/separated/married,yes
250,0.029269,0.04786,0,female,39,female: divorced/separated/married,yes
251,0.127074,0.120094,0,female,46,female: divorced/separated/married,yes
252,0.738951,0.72365,1,female,24,female: divorced/separated/married,yes
253,0.140285,0.10516,0,male,35,male: single,yes
254,0.066666,0.056341,0,male,24,male: single,yes
255,0.161073,0.332364,0,male,27,male: single,yes
256,0.064881,0.082054,0,male,35,male: single,yes
257,0.496283,0.644462,1,male,29,male: divorced/separated,yes
258,0.030049,0.03386,0,female,23,female: divorced/separated/married,yes
259,0.018639,0.047705,0,female,57,female: divorced/separated/married,yes
260,0.247771,0.315904,0,male,27,male: single,yes
261,0.532702,0.452539,0,female,55,female: divorced/separated/married,yes
262,0.379526,0.550694,0,male,36,male: single,yes
263,0.177277,0.19443,0,female,57,female: divorced/separated/married,yes
264,0.099028,0.100904,0,male,32,male: single,no
265,0.514428,0.332062,1,male,37,male: single,yes
266,0.038558,0.086079,0,male,36,male: single,yes
267,0.230449,0.228536,0,female,38,female: divorced/separated/married,yes
268,0.532406,0.461486,1,male,45,male: divorced/separated,no
269,0.139513,0.093033,0,male,25,male: single,yes
270,0.052009,0.078871,0,male,32,male: single,no
271,0.008752,0.020599,0,female,37,female: divorced/separated/married,yes
272,0.827123,0.953804,0,male,36,male: single,yes
273,0.377834,0.522752,1,male,28,male: single,yes
274,0.647741,0.743087,1,male,34,male: divorced/separated,yes
275,0.037724,0.055127,0,male,32,male: single,yes
276,0.077893,0.066409,0,female,26,female: divorced/separated/married,yes
277,0.215062,0.094107,0,male,49,male: divorced/separated,yes
278,0.040186,0.087531,1,female,32,female: divorced/separated/married,yes
279,0.131251,0.159294,0,male,29,male: single,yes
280,0.027104,0.027457,0,male,23,male: single,yes
281,0.055579,0.10433,0,male,50,male: single,yes
282,0.145381,0.163444,0,male,49,male: single,yes
283,0.015963,0.020254,0,male,63,male: single,yes
284,0.248878,0.404632,0,male,37,male: divorced/separated,yes
285,0.834787,0.806896,0,female,35,female: divorced/separated/married,yes
286,0.755101,0.526786,0,male,26,male: single,yes
287,0.533002,0.473141,0,male,31,male: single,yes
288,0.085862,0.12329,0,female,49,female: divorced/separated/married,yes
289,0.62071,0.462999,1,male,48,male: married/widowed,yes
290,0.062413,0.065798,0,male,26,male: married/widowed,no
291,0.583591,0.43505,1,male,28,male: married/widowed,yes
292,0.205273,0.193695,0,female,44,female: divorced/separated/married,yes
293,0.322288,0.174556,0,male,56,male: single,yes
294,0.414952,0.248718,0,male,46,male: divorced/separated,yes
295,0.872382,0.662748,1,female,26,female: divorced/separated/married,yes
296,0.076362,0.036911,0,female,20,female: divorced/separated/married,yes
297,0.098393,0.089396,0,male,45,male: single,no
298,0.09947,0.09458,0,male,43,male: single,yes
299,0.098264,0.055002,0,male,32,male: single,yes
300,0.021203,0.05169,0,female,54,female: divorced/separated/married,yes
301,0.276057,0.556585,1,female,42,female: divorced/separated/married,yes
302,0.149565,0.08676,1,male,37,male: single,yes
303,0.204457,0.296491,0,male,49,male: single,yes
304,0.326076,0.361033,1,male,44,male: single,yes
305,0.03472,0.038811,0,male,33,male: divorced/separated,yes
306,0.093609,0.066406,0,female,24,female: divorced/separated/married,yes
307,0.668789,0.376281,1,male,33,male: married/widowed,yes
308,0.116968,0.288083,1,female,24,female: divorced/separated/married,yes
309,0.567065,0.615284,0,male,22,male: married/widowed,yes
310,0.508686,0.488772,0,male,40,male: single,yes
311,0.212722,0.339813,0,male,25,male: single,yes
312,0.230884,0.350007,0,female,26,female: divorced/separated/married,yes
313,0.521551,0.361177,1,male,25,male: married/widowed,yes
314,0.120478,0.101753,0,male,29,male: single,no
315,0.779898,0.855722,1,male,31,male: single,yes
316,0.371218,0.16632,0,male,38,male: single,yes
317,0.323661,0.135113,0,female,48,female: divorced/separated/married,yes
318,0.17302,0.168366,0,male,32,male: single,yes
319,0.17105,0.39148,0,female,27,female: divorced/separated/married,yes
320,0.684761,0.605558,1,male,28,male: married/widowed,yes
321,0.621654,0.584946,1,male,32,male: divorced/separated,yes
322,0.084947,0.13843,0,male,34,male: single,yes
323,0.443332,0.356362,0,male,28,male: single,yes
324,0.115476,0.144308,0,female,36,female: divorced/separated/married,yes
325,0.036161,0.143785,0,male,39,male: single,no
326,0.037438,0.029651,0,male,49,male: single,yes
327,0.052447,0.07355,0,female,34,female: divorced/separated/married,yes
328,0.490252,0.473655,0,male,31,male: single,yes
329,0.323089,0.33689,0,male,28,male: single,yes
330,0.216779,0.184426,0,male,75,male: single,yes
331,0.054355,0.099863,1,female,30,female: divorced/separated/married,yes
332,0.864832,0.909504,1,female,24,female: divorced/separated/married,yes
333,0.371035,0.227082,1,female,24,female: divorced/separated/married,yes
334,0.879143,0.921754,1,male,23,male: single,yes
335,0.015469,0.100061,1,male,44,male: divorced/separated,yes
336,0.194714,0.162961,0,female,23,female: divorced/separated/married,yes
337,0.535402,0.362726,1,female,24,female: divorced/separated/married,yes
338,0.701043,0.668071,0,male,28,male: single,yes
339,0.4059,0.424151,0,male,31,male: divorced/separated,yes
340,0.720813,0.624149,0,female,24,female: divorced/separated/married,yes
341,0.264825,0.395824,0,female,26,female: divorced/separated/married,yes
342,0.357027,0.296177,0,male,25,male: married/widowed,yes
343,0.492889,0.415157,0,male,33,male: single,yes
344,0.101311,0.161222,0,male,37,male: single,yes
345,0.028433,0.052884,0,female,43,female: divorced/separated/married,yes
346,0.213752,0.141694,0,male,23,male: single,yes
347,0.288124,0.455852,0,female,23,female: divorced/separated/married,yes
348,0.025715,0.033585,0,male,34,male: single,yes
349,0.35964,0.164775,1,male,32,male: single,yes
350,0.110921,0.129737,0,female,23,female: divorced/separated/married,yes
351,0.317413,0.193709,1,female,29,female: divorced/separated/married,no
352,0.007343,0.013901,0,male,38,male: single,yes
353,0.634707,0.7379,1,male,28,male: single,yes
354,0.105806,0.124494,0,male,46,male: single,yes
355,0.861034,0.734032,1,male,23,male: single,yes
356,0.004016,0.00708,0,male,49,male: single,yes
357,0.298508,0.207026,1,male,26,male: single,yes
358,0.147066,0.109839,0,male,28,male: married/widowed,yes
359,0.699375,0.587681,1,female,23,female: divorced/separated/married,yes
360,0.707451,0.348186,0,male,61,male: single,yes
361,0.052437,0.072722,0,male,37,male: single,yes
362,0.273613,0.344267,0,female,36,female: divorced/separated/married,yes
363,0.090353,0.113563,0,male,21,male: married/widowed,yes
364,0.399194,0.467303,1,male,25,male: single,yes
365,0.019965,0.041899,0,male,36,male: single,yes
366,0.012103,0.025541,0,male,27,male: single,yes
367,0.611139,0.59105,0,female,22,female: divorced/separated/married,yes
368,0.652596,0.643808,1,male,42,male: single,yes
369,0.246719,0.262436,0,female,40,female: divorced/separated/married,yes
370,0.071613,0.207703,0,male,36,male: single,yes
371,0.052027,0.07874,0,male,33,male: single,yes
372,0.148699,0.073278,0,female,23,female: divorced/separated/married,yes
373,0.430858,0.308085,0,male,63,male: single,yes
374,0.872956,0.853894,1,female,60,female: divorced/separated/married,yes
375,0.582849,0.640974,1,female,37,female: divorced/separated/married,yes
376,0.112006,0.088541,0,male,34,male: married/widowed,yes
377,0.041004,0.030141,0,male,36,male: single,yes
378,0.884627,0.83195,1,male,57,male: single,yes
379,0.035374,0.072223,0,female,52,female: divorced/separated/married,yes
380,0.140369,0.145304,0,male,39,male: single,yes
381,0.326191,0.364278,1,female,38,female: divorced/separated/married,yes
382,0.359695,0.151597,0,female,25,female: divorced/separated/married,yes
383,0.393427,0.44653,0,male,26,male: single,yes
384,0.321344,0.181792,0,male,26,male: single,yes
385,0.089366,0.064072,0,female,25,female: divorced/separated/married,yes
386,0.180924,0.091659,0,female,21,female: divorced/separated/married,yes
387,0.539904,0.544075,0,male,40,male: single,yes
388,0.125839,0.1928,0,male,27,male: single,yes
389,0.074221,0.078508,0,female,27,female: divorced/separated/married,yes
390,0.19482,0.167096,0,male,30,male: married/widowed,yes
391,0.401055,0.161871,0,female,19,female: divorced/separated/married,yes
392,0.577578,0.714064,0,male,39,male: single,yes
393,0.051539,0.062964,0,female,31,female: divorced/separated/married,yes
394,0.068921,0.050371,0,male,31,male: single,yes
395,0.500605,0.760685,0,male,32,male: single,yes
396,0.506414,0.503693,0,female,55,female: divorced/separated/married,yes
397,0.417469,0.345846,0,male,46,male: married/widowed,yes
398,0.197775,0.33601,1,male,46,male: divorced/separated,yes
399,0.039152,0.027151,0,female,43,female: divorced/separated/married,yes
400,0.084745,0.092083,0,male,39,male: married/widowed,yes
401,0.24186,0.210543,0,male,28,male: married/widowed,yes
402,0.481518,0.318757,1,male,27,male: single,yes
403,0.434455,0.288998,0,male,27,male: single,yes
404,0.23668,0.323601,0,male,43,male: single,yes
405,0.341404,0.234762,1,male,22,male: married/widowed,yes
406,0.004893,0.010839,0,male,43,male: single,yes
407,0.537004,0.483095,0,male,27,male: married/widowed,no
408,0.072597,0.087742,0,male,26,male: divorced/separated,yes
409,0.09861,0.05854,1,male,28,male: married/widowed,yes
410,0.552063,0.451793,0,female,20,female: divorced/separated/married,yes
411,0.033125,0.03581,0,male,35,male: single,yes
412,0.049285,0.083071,1,male,42,male: single,yes
413,0.118713,0.235668,0,male,40,male: single,no
414,0.637344,0.451164,1,female,35,female: divorced/separated/married,yes
415,0.031657,0.060099,0,male,35,male: single,yes
416,0.37396,0.645669,1,male,33,male: single,yes
417,0.664162,0.562948,0,female,23,female: divorced/separated/married,yes
418,0.129229,0.103267,0,female,31,female: divorced/separated/married,yes
419,0.597367,0.323952,1,female,33,female: divorced/separated/married,yes
420,0.068292,0.079196,0,female,20,female: divorced/separated/married,yes
421,0.079544,0.115676,0,male,30,male: single,yes
422,0.163873,0.11722,0,male,47,male: single,yes
423,0.083976,0.061456,0,male,34,male: single,yes
424,0.092147,0.127883,1,female,25,female: divorced/separated/married,yes
425,0.257173,0.230934,0,male,21,male: married/widowed,yes
426,0.089508,0.124138,0,male,29,male: single,yes
427,0.033845,0.021225,0,male,46,male: single,yes
428,0.139243,0.068872,0,male,20,male: single,yes
429,0.305096,0.243243,1,female,55,female: divorced/separated/married,yes
430,0.011149,0.01854,0,male,74,male: single,yes
431,0.639905,0.526295,1,male,29,male: single,yes
432,0.132731,0.389027,0,male,36,male: single,yes
433,0.109158,0.13276,0,male,33,male: divorced/separated,yes
434,0.480514,0.385235,0,male,25,male: single,yes
435,0.057852,0.063812,1,male,25,male: married/widowed,yes
436,0.030316,0.05569,0,male,23,male: married/widowed,yes
437,0.037187,0.042243,0,female,37,female: divorced/separated/married,yes
438,0.480532,0.678433,0,male,65,male: single,yes
439,0.271986,0.259526,1,female,26,female: divorced/separated/married,yes
440,0.073243,0.175565,0,male,39,male: single,yes
441,0.2669,0.391729,0,female,30,female: divorced/separated/married,yes
442,0.342576,0.328004,0,male,29,male: single,yes
443,0.378459,0.275381,1,male,41,male: single,yes
444,0.565251,0.344613,1,female,30,female: divorced/separated/married,yes
445,0.049326,0.093488,0,female,41,female: divorced/separated/married,yes
446,0.803831,0.775454,1,female,34,female: divorced/separated/married,yes
447,0.033628,0.089446,0,male,35,male: single,yes
448,0.066399,0.043045,0,female,55,female: divorced/separated/married,yes
449,0.175005,0.145983,1,male,61,male: married/widowed,yes
450,0.134402,0.053867,0,male,30,male: single,yes
451,0.029451,0.062862,0,female,29,female: divorced/separated/married,yes
452,0.108925,0.191364,0,male,34,male: single,yes
453,0.035846,0.077538,0,male,35,male: single,yes
454,0.407773,0.461353,1,male,31,male: single,yes
455,0.065302,0.155755,0,female,29,female: divorced/separated/married,yes
456,0.145188,0.483999,0,male,36,male: single,yes
457,0.117655,0.211573,1,male,35,male: single,yes
458,0.259975,0.516784,0,female,27,female: divorced/separated/married,yes
459,0.232206,0.151077,0,male,32,male: single,yes
460,0.33558,0.322414,0,male,37,male: single,yes
461,0.417509,0.526309,0,male,36,male: single,yes
462,0.418907,0.495458,0,female,34,female: divorced/separated/married,yes
463,0.395025,0.160662,0,male,38,male: single,yes
464,0.156824,0.167359,0,male,34,male: single,yes
465,0.211719,0.236639,0,male,63,male: single,yes
466,0.672623,0.559219,1,female,29,female: divorced/separated/married,yes
467,0.221636,0.290207,0,male,32,male: single,yes
468,0.229948,0.166512,0,female,26,female: divorced/separated/married,yes
469,0.043234,0.045235,0,male,35,male: single,yes
470,0.428832,0.407087,1,male,22,male: married/widowed,yes
471,0.350549,0.635521,1,female,23,female: divorced/separated/married,yes
472,0.650208,0.588074,1,male,28,male: single,yes
473,0.051889,0.035755,0,male,36,male: single,yes
474,0.420233,0.202839,1,male,33,male: married/widowed,yes
475,0.587957,0.647461,1,female,26,female: divorced/separated/married,yes
476,0.111757,0.144245,0,male,24,male: single,yes
477,0.416931,0.451501,0,male,25,male: single,yes
478,0.153008,0.121526,0,male,39,male: single,yes
479,0.193137,0.266686,0,male,44,male: single,yes
480,0.078091,0.095653,0,female,23,female: divorced/separated/married,yes
481,0.832107,0.737666,0,male,26,male: single,yes
482,0.517434,0.461207,0,female,57,female: divorced/separated/married,yes
483,0.081344,0.021667,0,female,30,female: divorced/separated/married,yes
484,0.022954,0.050354,0,male,44,male: single,yes
485,0.170452,0.36988,1,male,47,male: single,yes
486,0.029159,0.054084,0,male,52,male: single,yes
487,0.12582,0.313215,0,female,62,female: divorced/separated/married,yes
488,0.07279,0.165778,0,male,35,male: single,no
489,0.064653,0.131761,0,male,26,male: single,yes
490,0.048251,0.071418,0,male,26,male: single,yes
491,0.73988,0.637312,1,female,42,female: divorced/separated/married,yes
492,0.021642,0.022599,0,female,27,female: divorced/separated/married,yes
493,0.130146,0.130393,0,male,38,male: single,yes
494,0.298844,0.487402,0,male,39,male: single,no
495,0.154624,0.271494,1,male,20,male: married/widowed,yes
496,0.679498,0.814421,1,male,29,male: single,yes
497,0.031325,0.058493,0,male,40,male: single,yes
498,0.31437,0.156149,0,male,32,male: married/widowed,yes
499,0.149087,0.100414,0,male,28,male: divorced/separated,yes
500,0.569575,0.788596,1,female,27,female: divorced/separated/married,yes
501,0.581945,0.453377,0,male,42,male: single,yes
502,0.051278,0.064668,0,male,49,male: divorced/separated,yes
503,0.498064,0.425554,1,male,38,male: single,yes
504,0.908688,0.83486,1,female,24,female: divorced/separated/married,yes
505,0.045056,0.035263,1,male,27,male: single,yes
506,0.020538,0.023656,0,male,36,male: single,yes
507,0.394158,0.504014,1,male,34,male: single,yes
508,0.146742,0.20645,0,male,28,male: married/widowed,yes
509,0.186918,0.119191,0,male,45,male: single,yes
510,0.672102,0.399461,1,male,26,male: single,yes
511,0.081777,0.109353,0,male,32,male: single,yes
512,0.08782,0.169912,0,male,26,male: single,yes
513,0.48931,0.551519,0,male,20,male: married/widowed,yes
514,0.154013,0.174631,0,male,54,male: single,yes
515,0.238689,0.272273,0,female,37,female: divorced/separated/married,no
516,0.075807,0.237005,0,male,40,male: single,no
517,0.339823,0.249513,1,female,23,female: divorced/separated/married,yes
518,0.446675,0.347672,0,male,43,male: single,yes
519,0.018198,0.025229,0,male,36,male: single,yes
520,0.122855,0.200329,0,male,44,male: single,yes
521,0.321105,0.359801,1,female,24,female: divorced/separated/married,yes
522,0.941766,0.882027,1,male,53,male: single,yes
523,0.020451,0.044152,0,female,23,female: divorced/separated/married,yes
524,0.286549,0.203776,0,female,26,female: divorced/separated/married,yes
525,0.496769,0.499137,0,male,30,male: single,yes
526,0.091756,0.123092,0,female,31,female: divorced/separated/married,yes
527,0.007157,0.013841,0,male,42,male: single,yes
528,0.797308,0.761751,1,male,31,male: divorced/separated,yes
529,0.258819,0.422723,0,male,41,male: single,yes
530,0.519148,0.656606,0,male,32,male: single,yes
531,0.287281,0.47937,1,female,28,female: divorced/separated/married,yes
532,0.034301,0.064405,0,male,41,male: married/widowed,yes
533,0.062236,0.066574,0,male,26,male: married/widowed,yes
534,0.163469,0.167378,0,male,25,male: single,yes
535,0.238203,0.291303,1,male,33,male: divorced/separated,yes
536,0.281236,0.213973,0,female,75,female: divorced/separated/married,yes
537,0.122415,0.178623,0,female,37,female: divorced/separated/married,yes
538,0.898756,0.942233,1,male,42,male: single,yes
539,0.271586,0.289811,0,female,45,female: divorced/separated/married,yes
540,0.211693,0.26485,1,male,23,male: married/widowed,yes
541,0.237312,0.250988,0,male,60,male: single,yes
542,0.260142,0.466247,1,male,31,male: single,yes
543,0.111758,0.165894,1,male,34,male: single,yes
544,0.035686,0.07647,0,male,61,male: single,yes
545,0.812674,0.595126,1,male,43,male: single,yes
546,0.06109,0.148708,0,female,37,female: divorced/separated/married,yes
547,0.175193,0.1619,0,male,32,male: single,yes
548,0.465538,0.636208,1,female,24,female: divorced/separated/married,yes
549,0.022866,0.028999,0,male,35,male: single,yes
550,0.027895,0.023113,0,female,23,female: divorced/separated/married,yes
551,0.088971,0.110844,0,male,45,male: single,yes
552,0.305739,0.188792,1,male,34,male: married/widowed,yes
553,0.289586,0.339815,0,male,27,male: single,yes
554,0.287319,0.301582,0,female,67,female: divorced/separated/married,yes
555,0.401632,0.395218,1,male,22,male: single,yes
556,0.559696,0.667229,1,female,28,female: divorced/separated/married,yes
557,0.235493,0.192981,1,female,29,female: divorced/separated/married,yes
558,0.35417,0.681681,1,male,27,male: single,yes
559,0.298652,0.174501,1,male,31,male: single,yes
560,0.23434,0.260973,0,male,49,male: single,yes
561,0.550683,0.545454,1,male,24,male: single,yes
562,0.19087,0.208354,0,female,29,female: divorced/separated/married,yes
563,0.341419,0.520296,1,male,37,male: single,yes
564,0.451357,0.433919,0,male,37,male: single,yes
565,0.484893,0.239728,0,female,23,female: divorced/separated/married,yes
566,0.37009,0.315215,1,male,36,male: divorced/separated,yes
567,0.021062,0.015262,0,male,34,male: single,yes
568,0.192293,0.271037,0,male,41,male: single,yes
569,0.74609,0.694501,1,female,31,female: divorced/separated/married,yes
570,0.649301,0.655016,1,female,23,female: divorced/separated/married,yes
571,0.036192,0.083319,0,male,38,male: single,yes
572,0.040215,0.046162,0,female,26,female: divorced/separated/married,yes
573,0.615858,0.536515,0,female,22,female: divorced/separated/married,yes
574,0.28948,0.395411,0,male,27,male: single,yes
575,0.147257,0.097329,0,female,24,female: divorced/separated/married,yes
576,0.078707,0.156131,0,female,27,female: divorced/separated/married,yes
577,0.064649,0.065524,0,female,33,female: divorced/separated/married,yes
578,0.607824,0.670069,1,male,27,male: divorced/separated,yes
579,0.414369,0.201565,0,male,27,male: married/widowed,yes
580,0.468573,0.225401,1,male,30,male: single,yes
581,0.198463,0.300293,0,male,49,male: single,yes
582,0.176442,0.198508,0,female,26,female: divorced/separated/married,yes
583,0.674992,0.822942,1,male,33,male: single,yes
584,0.063351,0.095086,0,female,52,female: divorced/separated/married,yes
585,0.66495,0.567637,1,female,20,female: divorced/separated/married,yes
586,0.180669,0.45589,0,male,36,male: single,yes
587,0.356403,0.333641,0,male,21,male: single,yes
588,0.402684,0.288457,1,male,47,male: married/widowed,yes
589,0.080656,0.188358,1,male,60,male: single,yes
590,0.123338,0.147997,0,female,58,female: divorced/separated/married,yes
591,0.456795,0.489827,0,female,42,female: divorced/separated/married,yes
592,0.152947,0.090871,0,female,36,female: divorced/separated/married,yes
593,0.741845,0.735122,1,female,20,female: divorced/separated/married,yes
594,0.48066,0.235448,1,male,40,male: single,yes
595,0.436375,0.457992,1,female,32,female: divorced/separated/married,yes
596,0.86284,0.753797,1,female,23,female: divorced/separated/married,yes
597,0.398883,0.429033,1,male,36,male: single,yes
598,0.168634,0.111346,1,male,31,male: single,yes
599,0.092526,0.139185,0,male,32,male: single,yes
600,0.034153,0.068632,0,female,45,female: divorced/separated/married,yes
601,0.281126,0.353075,1,female,30,female: divorced/separated/married,yes
602,0.617917,0.757718,1,female,34,female: divorced/separated/married,yes
603,0.154709,0.226844,1,female,28,female: divorced/separated/married,yes
604,0.471705,0.355101,0,female,23,female: divorced/separated/married,yes
605,0.635298,0.732142,0,male,22,male: single,yes
606,0.203254,0.034317,0,male,74,male: single,yes
607,0.319441,0.434217,1,female,50,female: divorced/separated/married,yes
608,0.144047,0.163931,0,male,33,male: single,yes
609,0.136536,0.057512,0,male,45,male: single,yes
610,0.548415,0.404197,1,female,22,female: divorced/separated/married,yes
611,0.166435,0.116578,1,female,48,female: divorced/separated/married,yes
612,0.484919,0.495972,0,female,29,female: divorced/separated/married,yes
613,0.297993,0.472495,0,female,22,female: divorced/separated/married,no
614,0.088499,0.059625,1,female,22,female: divorced/separated/married,yes
615,0.716443,0.730579,0,male,48,male: single,yes
616,0.46317,0.597264,0,male,27,male: single,yes
617,0.056978,0.440222,0,male,37,male: single,yes
618,0.381226,0.550284,1,female,21,female: divorced/separated/married,yes
619,0.10512,0.149694,0,male,49,male: divorced/separated,yes
620,0.114067,0.172879,0,male,27,male: single,yes
621,0.37649,0.214953,1,male,32,male: single,yes
622,0.108482,0.216782,1,male,38,male: divorced/separated,yes
623,0.666655,0.689995,0,female,22,female: divorced/separated/married,yes
624,0.615272,0.510283,1,male,65,male: single,yes
625,0.035652,0.054974,0,male,35,male: single,yes
626,0.064812,0.100783,0,male,41,male: single,yes
627,0.301412,0.368167,1,male,29,male: single,yes
628,0.082082,0.124723,0,male,36,male: single,yes
629,0.020533,0.027334,0,male,64,male: single,yes
630,0.31188,0.478392,0,female,28,female: divorced/separated/married,yes
631,0.722601,0.7542,1,male,44,male: single,yes
632,0.279816,0.248333,0,male,23,male: single,yes
633,0.231812,0.252687,1,female,19,female: divorced/separated/married,yes
634,0.777381,0.543302,1,female,25,female: divorced/separated/married,yes
635,0.228793,0.414236,0,male,47,male: single,yes
636,0.062239,0.070905,0,female,28,female: divorced/separated/married,yes
637,0.53213,0.429484,0,male,21,male: single,yes
638,0.164927,0.166338,0,female,34,female: divorced/separated/married,yes
639,0.69173,0.574944,1,male,26,male: single,yes
640,0.567271,0.512797,1,female,27,female: divorced/separated/married,yes
641,0.486969,0.568384,0,male,38,male: single,yes
642,0.151564,0.121741,1,male,40,male: single,yes
643,0.033186,0.018574,0,male,33,male: married/widowed,yes
644,0.225263,0.172794,0,male,32,male: married/widowed,yes
645,0.321376,0.312728,1,male,27,male: single,yes
646,0.64958,0.520331,0,male,32,male: divorced/separated,yes
647,0.083815,0.091706,1,female,26,female: divorced/separated/married,yes
648,0.778281,0.477373,1,male,38,male: single,yes
649,0.701544,0.678336,1,male,40,male: single,yes
650,0.901581,0.820008,0,male,50,male: single,yes
651,0.24105,0.363761,1,male,37,male: single,yes
652,0.480266,0.632428,1,male,45,male: single,yes
653,0.378843,0.577191,1,male,42,male: single,yes
654,0.01139,0.028092,0,male,35,male: single,yes
655,0.571498,0.692998,0,male,22,male: single,yes
656,0.747852,0.590852,1,male,41,male: single,yes
657,0.161444,0.235305,0,male,37,male: single,yes
658,0.61532,0.674194,0,female,28,female: divorced/separated/married,yes
659,0.274313,0.247132,0,male,41,male: single,yes
660,0.317122,0.285914,0,male,23,male: married/widowed,yes
661,0.731776,0.389811,1,male,23,male: married/widowed,yes
662,0.149213,0.169505,0,male,50,male: single,yes
663,0.25606,0.429366,0,male,35,male: single,yes
664,0.052091,0.095877,0,female,50,female: divorced/separated/married,yes
665,0.47023,0.324916,0,male,27,male: single,yes
666,0.508102,0.589517,0,male,34,male: single,yes
667,0.29563,0.455994,0,female,27,female: divorced/separated/married,yes
668,0.367943,0.552102,1,male,43,male: single,yes
669,0.104648,0.156684,0,male,47,male: single,yes
670,0.122709,0.082326,0,male,27,male: single,yes
671,0.078201,0.111196,0,male,31,male: single,yes
672,0.60931,0.577371,0,male,42,male: single,yes
673,0.049982,0.040431,0,male,24,male: married/widowed,yes
674,0.261781,0.143482,1,male,41,male: single,yes
675,0.16824,0.093638,0,female,26,female: divorced/separated/married,yes
676,0.125856,0.110097,0,male,33,male: single,yes
677,0.554018,0.706282,1,male,24,male: married/widowed,yes
678,0.680807,0.653512,0,male,64,male: single,yes
679,0.109219,0.122503,0,female,26,female: divorced/separated/married,yes
680,0.097439,0.138957,0,female,56,female: divorced/separated/married,yes
681,0.035426,0.06003,0,male,37,male: single,yes
682,0.218167,0.189441,0,male,33,male: married/widowed,yes
683,0.166786,0.141341,0,male,47,male: married/widowed,yes
684,0.339982,0.285499,0,male,31,male: single,yes
685,0.227922,0.509204,0,male,34,male: single,yes
686,0.080557,0.033917,0,male,27,male: single,yes
687,0.631497,0.694096,0,male,30,male: single,yes
688,0.023787,0.070526,0,male,35,male: single,yes
689,0.320647,0.319119,0,male,31,male: single,yes
690,0.297554,0.26138,0,male,25,male: divorced/separated,yes
691,0.308402,0.403122,0,female,25,female: divorced/separated/married,yes
692,0.207233,0.322379,0,male,29,male: single,yes
693,0.054926,0.126373,0,male,44,male: single,yes
694,0.063046,0.085466,0,male,28,male: single,yes
695,0.016454,0.024431,0,male,50,male: single,yes
696,0.127985,0.115526,0,male,29,male: single,no
697,0.097863,0.043578,0,female,38,female: divorced/separated/married,yes
698,0.147948,0.106898,0,male,24,male: single,yes
699,0.296594,0.453067,0,male,40,male: single,yes
700,0.112802,0.137748,1,female,29,female: divorced/separated/married,yes
701,0.414727,0.388095,1,male,46,male: single,yes
702,0.396698,0.206844,0,female,47,female: divorced/separated/married,yes
703,0.539196,0.617289,0,male,41,male: single,yes
704,0.531052,0.613763,0,female,32,female: divorced/separated/married,yes
705,0.068195,0.153451,0,female,35,female: divorced/separated/married,yes
706,0.594495,0.650243,1,male,24,male: single,yes
707,0.642388,0.776546,1,female,25,female: divorced/separated/married,yes
708,0.212809,0.290519,0,female,25,female: divorced/separated/married,yes
709,0.150666,0.20339,0,male,37,male: single,yes
710,0.188964,0.063512,0,male,32,male: single,yes
711,0.641035,0.699408,1,female,35,female: divorced/separated/married,yes
712,0.01373,0.020453,0,male,46,male: single,yes
713,0.1306,0.251736,0,male,25,male: single,yes
714,0.896647,0.918073,1,male,27,male: single,yes
715,0.020533,0.012118,0,male,63,male: single,yes
716,0.020184,0.03374,0,male,40,male: single,yes
717,0.135456,0.161277,0,male,32,male: single,yes
718,0.094261,0.067236,0,male,31,male: single,yes
719,0.202149,0.482822,0,male,31,male: married/widowed,yes
720,0.325458,0.293029,1,male,34,male: single,yes
721,0.594553,0.705912,1,female,24,female: divorced/separated/married,yes
722,0.586521,0.564152,1,female,24,female: divorced/separated/married,yes
723,0.228273,0.116299,0,female,66,female: divorced/separated/married,yes
724,0.33188,0.402342,1,female,21,female: divorced/separated/married,yes
725,0.095155,0.029043,0,female,41,female: divorced/separated/married,yes
726,0.023475,0.02272,0,male,47,male: married/widowed,yes
727,0.762389,0.804541,1,female,25,female: divorced/separated/married,yes
728,0.905719,0.894524,1,female,59,female: divorced/separated/married,yes
729,0.126142,0.040261,0,male,36,male: divorced/separated,yes
730,0.393327,0.346087,0,male,33,male: single,yes
731,0.589629,0.520959,1,male,21,male: single,yes
732,0.078069,0.062827,0,female,44,female: divorced/separated/married,yes
733,0.037452,0.037038,0,female,28,female: divorced/separated/married,yes
734,0.007565,0.026559,0,female,37,female: divorced/separated/married,yes
735,0.581376,0.792384,0,female,29,female: divorced/separated/married,yes
736,0.524001,0.49157,1,female,23,female: divorced/separated/married,yes
737,0.61998,0.593577,0,male,35,male: single,yes
738,0.024834,0.045808,0,male,45,male: single,yes
739,0.695274,0.770225,1,female,26,female: divorced/separated/married,yes
740,0.577123,0.649653,0,male,32,male: single,yes
741,0.450423,0.654652,0,male,23,male: single,yes
742,0.03255,0.057973,0,male,41,male: single,yes
743,0.616794,0.701065,0,male,22,male: single,yes
744,0.408932,0.439394,0,male,30,male: single,yes
745,0.274063,0.519278,0,male,28,male: single,yes
746,0.637935,0.707103,0,female,23,female: divorced/separated/married,yes
747,0.332956,0.479549,1,female,37,female: divorced/separated/married,yes
748,0.030883,0.028473,0,male,26,male: single,yes
749,0.012379,0.029423,0,male,33,male: single,yes
750,0.171925,0.297629,0,female,49,female: divorced/separated/married,yes
751,0.719184,0.53466,1,female,23,female: divorced/separated/married,yes
752,0.266012,0.17453,0,female,23,female: divorced/separated/married,yes
753,0.16153,0.114097,0,female,25,female: divorced/separated/married,yes
754,0.04305,0.042868,1,male,55,male: single,yes
755,0.794883,0.541161,1,female,32,female: divorced/separated/married,yes
756,0.034047,0.059834,0,male,74,male: single,no
757,0.048306,0.039884,1,male,39,male: single,yes
758,0.086139,0.069326,0,male,31,male: single,yes
759,0.371417,0.431204,1,male,35,male: single,yes
760,0.04666,0.020023,0,female,59,female: divorced/separated/married,yes
761,0.584498,0.4901,1,female,24,female: divorced/separated/married,yes
762,0.429329,0.501906,0,male,24,male: single,yes
763,0.069387,0.14058,1,male,30,male: single,yes
764,0.074381,0.081808,0,male,27,male: married/widowed,yes
765,0.184536,0.208066,0,male,40,male: married/widowed,yes
766,0.372569,0.548205,1,male,31,male: divorced/separated,yes
767,0.01876,0.023837,0,female,31,female: divorced/separated/married,yes
768,0.188131,0.24452,0,male,28,male: single,yes
769,0.008962,0.016909,0,male,63,male: single,yes
770,0.144976,0.159193,0,female,26,female: divorced/separated/married,yes
771,0.786256,0.728864,1,female,25,female: divorced/separated/married,yes
772,0.010541,0.01598,0,male,36,male: single,yes
773,0.125043,0.115098,0,male,52,male: single,yes
774,0.232248,0.180172,0,male,66,male: single,yes
775,0.778062,0.568593,1,female,25,female: divorced/separated/married,yes
776,0.034875,0.161405,0,male,37,male: single,yes
777,0.241007,0.19198,0,female,25,female: divorced/separated/married,yes
778,0.034342,0.029072,0,male,38,male: single,yes
779,0.220507,0.343102,0,female,67,female: divorced/separated/married,yes
780,0.281014,0.071056,1,male,25,male: single,yes
781,0.023869,0.031725,0,male,60,male: single,yes
782,0.299325,0.200757,0,male,31,male: single,yes
783,0.819347,0.651127,1,female,23,female: divorced/separated/married,yes
784,0.122596,0.044747,0,male,60,male: divorced/separated,yes
785,0.346309,0.216431,0,male,35,male: single,yes
786,0.039186,0.083716,0,male,40,male: single,yes
787,0.014875,0.039461,0,male,38,male: single,yes
788,0.785284,0.788048,1,male,50,male: single,yes
789,0.737104,0.857852,1,male,27,male: single,yes
790,0.353892,0.241739,1,female,39,female: divorced/separated/married,yes
791,0.041429,0.033705,0,male,41,male: single,yes
792,0.026627,0.013907,0,male,27,male: married/widowed,yes
793,0.420432,0.340342,0,male,51,male: divorced/separated,yes
794,0.091474,0.237525,0,male,32,male: single,yes
795,0.21521,0.159409,0,female,22,female: divorced/separated/married,yes
796,0.0923,0.048835,1,male,51,male: single,yes
797,0.136198,0.107563,0,female,22,female: divorced/separated/married,yes
798,0.104089,0.080427,0,male,54,male: married/widowed,yes
799,0.190182,0.236705,0,male,35,male: single,yes
800,0.170836,0.226738,0,male,54,male: single,yes
801,0.145293,0.126718,0,female,48,female: divorced/separated/married,yes
802,0.416892,0.284981,0,female,24,female: divorced/separated/married,yes
803,0.025222,0.030829,0,male,35,male: single,yes
804,0.288876,0.315887,0,female,24,female: divorced/separated/married,yes
805,0.688337,0.658244,1,male,24,male: single,yes
806,0.14276,0.259417,0,male,26,male: married/widowed,no
807,0.015005,0.025385,0,male,65,male: single,yes
808,0.827288,0.710659,0,male,55,male: single,yes
809,0.457522,0.63754,1,female,26,female: divorced/separated/married,yes
810,0.2861,0.2731,0,male,26,male: married/widowed,yes
811,0.079947,0.086142,0,male,28,male: married/widowed,yes
812,0.461318,0.289123,1,male,24,male: single,yes
813,0.68878,0.62965,1,male,54,male: single,yes
814,0.756911,0.782344,1,male,46,male: single,yes
815,0.842912,0.770929,0,female,54,female: divorced/separated/married,yes
816,0.016527,0.025764,0,male,62,male: divorced/separated,yes
817,0.026218,0.019437,0,female,24,female: divorced/separated/married,yes
818,0.875361,0.844875,0,male,43,male: divorced/separated,yes
819,0.587101,0.572031,1,male,26,male: married/widowed,yes
820,0.130753,0.172604,0,male,27,male: married/widowed,yes
821,0.14215,0.251772,0,male,24,male: married/widowed,yes
822,0.525549,0.611503,1,male,41,male: single,yes
823,0.120378,0.319285,0,male,47,male: single,yes
824,0.094931,0.097552,0,male,35,male: divorced/separated,yes
825,0.578989,0.495732,0,male,30,male: married/widowed,yes
826,0.381907,0.538108,1,female,33,female: divorced/separated/married,yes
827,0.333069,0.31745,1,male,36,male: single,yes
828,0.389586,0.277774,1,male,47,male: single,yes
829,0.52927,0.55625,0,male,38,male: single,yes
830,0.114469,0.110338,0,male,44,male: single,yes
831,0.909646,0.789199,1,female,23,female: divorced/separated/married,yes
832,0.932723,0.92461,1,male,29,male: single,yes
833,0.160477,0.139379,0,female,42,female: divorced/separated/married,yes
834,0.116371,0.163231,1,female,25,female: divorced/separated/married,yes
835,0.754439,0.835322,1,male,48,male: single,yes
836,0.149418,0.057806,0,female,21,female: divorced/separated/married,yes
837,0.110896,0.09247,0,female,23,female: divorced/separated/married,yes
838,0.127647,0.153634,0,male,63,male: single,yes
839,0.032874,0.092342,0,male,46,male: married/widowed,yes
840,0.580048,0.601038,1,male,29,male: single,yes
841,0.12591,0.114617,0,male,28,male: single,yes
842,0.195549,0.234077,1,female,23,female: divorced/separated/married,yes
843,0.206091,0.229299,0,male,50,male: single,yes
844,0.240166,0.314263,0,male,47,male: single,yes
845,0.042933,0.081175,0,male,35,male: single,yes
846,0.105606,0.114062,1,male,68,male: single,yes
847,0.446589,0.334661,0,male,28,male: married/widowed,yes
848,0.184401,0.135588,0,male,59,male: single,yes
849,0.292915,0.328707,1,male,57,male: single,yes
850,0.671557,0.51587,1,male,33,male: married/widowed,no
851,0.005634,0.007245,0,male,43,male: single,yes
852,0.033578,0.081633,0,male,35,male: single,yes
853,0.82403,0.742112,1,male,32,male: single,yes
854,0.585969,0.424912,0,male,45,male: single,yes
855,0.109897,0.19952,0,male,33,male: married/widowed,yes
856,0.03347,0.014413,0,female,40,female: divorced/separated/married,yes
857,0.07863,0.100142,0,male,28,male: single,yes
858,0.450317,0.566527,1,female,29,female: divorced/separated/married,yes
859,0.048647,0.064788,0,male,26,male: single,no
860,0.043886,0.029751,0,male,27,male: single,yes
861,0.115173,0.111198,1,male,28,male: married/widowed,yes
862,0.498564,0.480433,1,female,35,female: divorced/separated/married,yes
863,0.360238,0.079203,0,male,32,male: single,yes
864,0.153882,0.162692,1,male,25,male: single,yes
865,0.152874,0.130715,0,female,20,female: divorced/separated/married,yes
866,0.560178,0.722928,0,female,27,female: divorced/separated/married,yes
867,0.06283,0.067213,0,male,42,male: single,yes
868,0.186197,0.194668,0,male,37,male: single,yes
869,0.706561,0.64111,0,female,24,female: divorced/separated/married,yes
870,0.046662,0.072306,0,female,40,female: divorced/separated/married,yes
871,0.04239,0.091627,0,male,46,male: single,no
872,0.270735,0.148256,0,male,26,male: single,yes
873,0.123893,0.078379,0,female,24,female: divorced/separated/married,yes
874,0.207176,0.473003,0,male,29,male: single,yes
875,0.248241,0.186706,0,female,40,female: divorced/separated/married,yes
876,0.783593,0.784602,0,male,36,male: single,yes
877,0.085625,0.257269,0,male,28,male: single,yes
878,0.483872,0.576303,1,male,27,male: single,yes
879,0.012495,0.02692,0,male,36,male: single,yes
880,0.046524,0.04868,0,male,38,male: single,yes
881,0.117471,0.047353,0,male,48,male: divorced/separated,yes
882,0.186405,0.26175,0,male,36,male: single,yes
883,0.046118,0.054681,0,female,65,female: divorced/separated/married,yes
884,0.205372,0.217996,1,male,43,male: divorced/separated,yes
885,0.699351,0.583182,1,female,53,female: divorced/separated/married,yes
886,0.095843,0.136021,0,male,34,male: single,yes
887,0.908717,0.799291,1,male,23,male: single,yes
888,0.221491,0.288344,0,male,34,male: single,yes
889,0.311238,0.120363,0,male,40,male: single,yes
890,0.469788,0.673168,0,male,43,male: single,yes
891,0.010409,0.047777,0,male,46,male: single,yes
892,0.387929,0.642593,0,male,38,male: single,no
893,0.211398,0.261281,0,male,34,male: single,yes
894,0.049918,0.030616,0,male,29,male: single,yes
895,0.054627,0.058064,0,male,31,male: single,yes
896,0.661506,0.629785,0,female,28,female: divorced/separated/married,yes
897,0.01521,0.011292,0,female,35,female: divorced/separated/married,no
898,0.06437,0.039751,0,female,33,female: divorced/separated/married,yes
899,0.431638,0.442551,1,male,42,male: single,yes
900,0.153557,0.205582,1,male,43,male: single,yes
901,0.019488,0.042112,0,male,44,male: divorced/separated,yes
902,0.069722,0.047251,0,male,42,male: single,yes
903,0.04664,0.059722,0,male,40,male: married/widowed,yes
904,0.090127,0.099483,0,male,36,male: single,yes
905,0.372222,0.329776,0,male,20,male: single,yes
906,0.195436,0.289457,0,male,24,male: single,no
907,0.212696,0.463176,0,male,27,male: married/widowed,yes
908,0.03012,0.041331,0,female,46,female: divorced/separated/married,yes
909,0.093491,0.144299,0,female,33,female: divorced/separated/married,yes
910,0.231109,0.266566,0,female,34,female: divorced/separated/married,yes
911,0.466518,0.397874,1,female,25,female: divorced/separated/married,yes
912,0.164676,0.200912,0,female,25,female: divorced/separated/married,yes
913,0.044957,0.017829,0,male,28,male: divorced/separated,yes
914,0.749273,0.776098,1,male,31,male: single,yes
915,0.819256,0.844938,1,female,32,female: divorced/separated/married,no
916,0.017361,0.026807,0,male,32,male: single,yes
917,0.479282,0.69627,1,male,68,male: single,yes
918,0.263446,0.293629,1,male,33,male: divorced/separated,yes
919,0.512535,0.599115,1,male,39,male: single,yes
920,0.165234,0.167311,0,female,28,female: divorced/separated/married,yes
921,0.116188,0.204415,0,male,37,male: single,yes
922,0.470445,0.553109,1,female,22,female: divorced/separated/married,yes
923,0.296288,0.424869,0,male,30,male: single,yes
924,0.661509,0.733762,1,male,55,male: divorced/separated,yes
925,0.849011,0.832835,1,male,46,male: single,yes
926,0.744508,0.574194,0,female,21,female: divorced/separated/married,yes
927,0.81781,0.797489,1,male,39,male: single,yes
928,0.033054,0.05256,0,male,58,male: single,yes
929,0.670541,0.564685,0,male,43,male: single,yes
930,0.692317,0.736025,0,male,24,male: single,no
931,0.319173,0.353008,1,female,22,female: divorced/separated/married,yes
932,0.07001,0.099734,0,male,30,male: single,yes
933,0.019856,0.032531,0,male,42,male: single,yes
934,0.532316,0.641023,0,female,23,female: divorced/separated/married,yes
935,0.550614,0.625116,1,male,30,male: single,yes
936,0.121272,0.131233,1,female,28,female: divorced/separated/married,yes
937,0.355972,0.467862,0,male,30,male: married/widowed,yes
938,0.858411,0.912362,1,male,42,male: single,yes
939,0.031777,0.014874,0,male,46,male: single,yes
940,0.042147,0.06307,0,male,45,male: single,yes
941,0.101859,0.174877,0,male,31,male: single,no
942,0.177006,0.060319,0,male,31,male: single,yes
943,0.010718,0.040078,0,male,42,male: single,yes
944,0.328484,0.396309,0,female,46,female: divorced/separated/married,yes
945,0.740052,0.872025,0,female,30,female: divorced/separated/married,yes
946,0.560265,0.688497,1,male,30,male: single,yes
947,0.053842,0.163115,0,male,38,male: single,yes
948,0.074157,0.16917,1,male,43,male: married/widowed,yes
949,0.014798,0.09232,1,male,31,male: single,yes
950,0.171569,0.268641,0,male,40,male: married/widowed,yes
951,0.494363,0.308162,1,male,24,male: single,yes
952,0.183651,0.327206,1,female,28,female: divorced/separated/married,yes
953,0.637799,0.453083,1,female,26,female: divorced/separated/married,yes
954,0.41315,0.413538,0,female,29,female: divorced/separated/married,yes
955,0.269333,0.12593,0,female,57,female: divorced/separated/married,yes
956,0.066198,0.171698,0,male,49,male: single,yes
957,0.049167,0.103016,0,male,37,male: single,yes
958,0.551899,0.67221,1,male,45,male: single,yes
959,0.457037,0.509959,0,male,30,male: single,yes
960,0.021362,0.045398,0,male,30,male: married/widowed,yes
961,0.40768,0.403693,0,male,47,male: divorced/separated,yes
962,0.090302,0.199416,0,male,29,male: single,yes
963,0.062377,0.103585,1,male,35,male: single,yes
964,0.240034,0.426803,0,male,22,male: married/widowed,yes
965,0.298063,0.324742,0,female,26,female: divorced/separated/married,yes
966,0.26862,0.253735,1,male,23,male: single,yes
967,0.155318,0.198103,0,female,54,female: divorced/separated/married,yes
968,0.093811,0.090008,0,male,29,male: married/widowed,yes
969,0.101363,0.288868,0,male,40,male: single,yes
970,0.266395,0.259948,0,male,22,male: single,yes
971,0.262072,0.285147,0,male,43,male: single,yes
972,0.921703,0.849043,1,female,29,female: divorced/separated/married,yes
973,0.925509,0.953562,1,male,36,male: single,yes
974,0.063063,0.08335,0,female,33,female: divorced/separated/married,yes
975,0.317987,0.115848,0,female,57,female: divorced/separated/married,yes
976,0.05369,0.05224,0,female,64,female: divorced/separated/married,yes
977,0.217338,0.223825,0,male,42,male: single,yes
978,0.091292,0.263635,1,male,47,male: single,yes
979,0.768356,0.630423,1,male,25,male: married/widowed,yes
980,0.18505,0.184131,1,male,49,male: single,yes
981,0.560821,0.552184,1,male,33,male: single,yes
982,0.236615,0.322902,0,female,28,female: divorced/separated/married,yes
983,0.476764,0.521774,1,male,26,male: single,yes
984,0.077312,0.042477,0,male,30,male: single,yes
985,0.440294,0.503741,0,female,25,female: divorced/separated/married,yes
986,0.517801,0.719207,0,male,33,male: divorced/separated,yes
987,0.032546,0.03975,0,female,64,female: divorced/separated/married,yes
988,0.495741,0.557186,0,male,29,male: single,yes
989,0.187735,0.226346,0,male,48,male: single,yes
990,0.026904,0.054956,0,male,37,male: single,yes
991,0.307566,0.304992,0,male,34,male: single,yes
992,0.306563,0.207398,0,male,23,male: married/widowed,yes
993,0.721003,0.719475,0,male,30,male: single,yes
994,0.035216,0.083987,0,male,50,male: single,yes
995,0.035376,0.052574,0,female,31,female: divorced/separated/married,yes
996,0.303877,0.408518,0,male,40,male: divorced/separated,yes
997,0.100311,0.105375,0,male,38,male: single,yes
998,0.864176,0.707753,1,male,23,male: single,yes
999,0.291867,0.245041,0,male,27,male: single,yes
