run,model,features,resampling,repeat,fold,segment,n_rows,n_defaults,auc
lr__gmsc__none,lr,gmsc,none,0,0,all,21000,1403,0.844652
lr__gmsc__none,lr,gmsc,none,0,0,thin,1610,210,0.836917
lr__gmsc__none,lr,gmsc,none,0,0,general,19390,1193,0.839465
lr__gmsc__none,lr,gmsc,none,0,1,all,21000,1404,0.852216
lr__gmsc__none,lr,gmsc,none,0,1,thin,1609,210,0.828251
lr__gmsc__none,lr,gmsc,none,0,1,general,19391,1194,0.847682
lr__gmsc__none,lr,gmsc,none,0,2,all,21000,1404,0.847371
lr__gmsc__none,lr,gmsc,none,0,2,thin,1610,210,0.822906
lr__gmsc__none,lr,gmsc,none,0,2,general,19390,1194,0.844183
lr__gmsc__none,lr,gmsc,none,0,3,all,21000,1404,0.852444
lr__gmsc__none,lr,gmsc,none,0,3,thin,1611,211,0.834575
lr__gmsc__none,lr,gmsc,none,0,3,general,19389,1193,0.847833
lr__gmsc__none,lr,gmsc,none,0,4,all,20999,1403,0.854495
lr__gmsc__none,lr,gmsc,none,0,4,thin,1610,210,0.834969
lr__gmsc__none,lr,gmsc,none,0,4,general,19389,1193,0.85095
lr__alt__none,lr,alt,none,0,0,all,21000,1403,0.913543
lr__alt__none,lr,alt,none,0,0,thin,1610,210,0.924425
lr__alt__none,lr,alt,none,0,0,general,19390,1193,0.910744
lr__alt__none,lr,alt,none,0,1,all,21000,1404,0.912567
lr__alt__none,lr,alt,none,0,1,thin,1609,210,0.914493
lr__alt__none,lr,alt,none,0,1,general,19391,1194,0.910835
lr__alt__none,lr,alt,none,0,2,all,21000,1404,0.917125
lr__alt__none,lr,alt,none,0,2,thin,1610,210,0.924782
lr__alt__none,lr,alt,none,0,2,general,19390,1194,0.914548
lr__alt__none,lr,alt,none,0,3,all,21000,1404,0.916589
lr__alt__none,lr,alt,none,0,3,thin,1611,211,0.907867
lr__alt__none,lr,alt,none,0,3,general,19389,1193,0.916771
lr__alt__none,lr,alt,none,0,4,all,20999,1403,0.911329
lr__alt__none,lr,alt,none,0,4,thin,1610,210,0.898116
lr__alt__none,lr,alt,none,0,4,general,19389,1193,0.911986
lr__both__none,lr,both,none,0,0,all,21000,1403,0.939841
lr__both__none,lr,both,none,0,0,thin,1610,210,0.938452
lr__both__none,lr,both,none,0,0,general,19390,1193,0.938466
lr__both__none,lr,both,none,0,1,all,21000,1404,0.938659
lr__both__none,lr,both,none,0,1,thin,1609,210,0.934851
lr__both__none,lr,both,none,0,1,general,19391,1194,0.937247
lr__both__none,lr,both,none,0,2,all,21000,1404,0.940305
lr__both__none,lr,both,none,0,2,thin,1610,210,0.94034
lr__both__none,lr,both,none,0,2,general,19390,1194,0.938644
lr__both__none,lr,both,none,0,3,all,21000,1404,0.94046
lr__both__none,lr,both,none,0,3,thin,1611,211,0.932742
lr__both__none,lr,both,none,0,3,general,19389,1193,0.939631
lr__both__none,lr,both,none,0,4,all,20999,1403,0.937509
lr__both__none,lr,both,none,0,4,thin,1610,210,0.924116
lr__both__none,lr,both,none,0,4,general,19389,1193,0.937687
lr__gmsc__class_weight,lr,gmsc,class_weight,0,0,all,21000,1403,0.850756
lr__gmsc__class_weight,lr,gmsc,class_weight,0,0,thin,1610,210,0.839876
lr__gmsc__class_weight,lr,gmsc,class_weight,0,0,general,19390,1193,0.846243
lr__gmsc__class_weight,lr,gmsc,class_weight,0,1,all,21000,1404,0.857654
lr__gmsc__class_weight,lr,gmsc,class_weight,0,1,thin,1609,210,0.829191
lr__gmsc__class_weight,lr,gmsc,class_weight,0,1,general,19391,1194,0.854256
lr__gmsc__class_weight,lr,gmsc,class_weight,0,2,all,21000,1404,0.852597
lr__gmsc__class_weight,lr,gmsc,class_weight,0,2,thin,1610,210,0.829502
lr__gmsc__class_weight,lr,gmsc,class_weight,0,2,general,19390,1194,0.849874
lr__gmsc__class_weight,lr,gmsc,class_weight,0,3,all,21000,1404,0.856647
lr__gmsc__class_weight,lr,gmsc,class_weight,0,3,thin,1611,211,0.836799
lr__gmsc__class_weight,lr,gmsc,class_weight,0,3,general,19389,1193,0.852754
lr__gmsc__class_weight,lr,gmsc,class_weight,0,4,all,20999,1403,0.859502
lr__gmsc__class_weight,lr,gmsc,class_weight,0,4,thin,1610,210,0.840194
lr__gmsc__class_weight,lr,gmsc,class_weight,0,4,general,19389,1193,0.856439
lr__alt__class_weight,lr,alt,class_weight,0,0,all,21000,1403,0.913892
lr__alt__class_weight,lr,alt,class_weight,0,0,thin,1610,210,0.923616
lr__alt__class_weight,lr,alt,class_weight,0,0,general,19390,1193,0.911344
lr__alt__class_weight,lr,alt,class_weight,0,1,all,21000,1404,0.913172
lr__alt__class_weight,lr,alt,class_weight,0,1,thin,1609,210,0.915623
lr__alt__class_weight,lr,alt,class_weight,0,1,general,19391,1194,0.911338
lr__alt__class_weight,lr,alt,class_weight,0,2,all,21000,1404,0.91728
lr__alt__class_weight,lr,alt,class_weight,0,2,thin,1610,210,0.924823
lr__alt__class_weight,lr,alt,class_weight,0,2,general,19390,1194,0.914719
lr__alt__class_weight,lr,alt,class_weight,0,3,all,21000,1404,0.916737
lr__alt__class_weight,lr,alt,class_weight,0,3,thin,1611,211,0.906872
lr__alt__class_weight,lr,alt,class_weight,0,3,general,19389,1193,0.917109
lr__alt__class_weight,lr,alt,class_weight,0,4,all,20999,1403,0.911451
lr__alt__class_weight,lr,alt,class_weight,0,4,thin,1610,210,0.897929
lr__alt__class_weight,lr,alt,class_weight,0,4,general,19389,1193,0.912163
lr__both__class_weight,lr,both,class_weight,0,0,all,21000,1403,0.940886
lr__both__class_weight,lr,both,class_weight,0,0,thin,1610,210,0.938071
lr__both__class_weight,lr,both,class_weight,0,0,general,19390,1193,0.939702
lr__both__class_weight,lr,both,class_weight,0,1,all,21000,1404,0.939259
lr__both__class_weight,lr,both,class_weight,0,1,thin,1609,210,0.934429
lr__both__class_weight,lr,both,class_weight,0,1,general,19391,1194,0.937997
lr__both__class_weight,lr,both,class_weight,0,2,all,21000,1404,0.940635
lr__both__class_weight,lr,both,class_weight,0,2,thin,1610,210,0.939405
lr__both__class_weight,lr,both,class_weight,0,2,general,19390,1194,0.939134
lr__both__class_weight,lr,both,class_weight,0,3,all,21000,1404,0.940539
lr__both__class_weight,lr,both,class_weight,0,3,thin,1611,211,0.931273
lr__both__class_weight,lr,both,class_weight,0,3,general,19389,1193,0.939985
lr__both__class_weight,lr,both,class_weight,0,4,all,20999,1403,0.937912
lr__both__class_weight,lr,both,class_weight,0,4,thin,1610,210,0.923782
lr__both__class_weight,lr,both,class_weight,0,4,general,19389,1193,0.938358
lr__gmsc__smote,lr,gmsc,smote,0,0,all,21000,1403,0.849812
lr__gmsc__smote,lr,gmsc,smote,0,0,thin,1610,210,0.837723
lr__gmsc__smote,lr,gmsc,smote,0,0,general,19390,1193,0.845319
lr__gmsc__smote,lr,gmsc,smote,0,1,all,21000,1404,0.857062
lr__gmsc__smote,lr,gmsc,smote,0,1,thin,1609,210,0.828091
lr__gmsc__smote,lr,gmsc,smote,0,1,general,19391,1194,0.853494
lr__gmsc__smote,lr,gmsc,smote,0,2,all,21000,1404,0.851442
lr__gmsc__smote,lr,gmsc,smote,0,2,thin,1610,210,0.828648
lr__gmsc__smote,lr,gmsc,smote,0,2,general,19390,1194,0.848622
lr__gmsc__smote,lr,gmsc,smote,0,3,all,21000,1404,0.856187
lr__gmsc__smote,lr,gmsc,smote,0,3,thin,1611,211,0.834203
lr__gmsc__smote,lr,gmsc,smote,0,3,general,19389,1193,0.85243
lr__gmsc__smote,lr,gmsc,smote,0,4,all,20999,1403,0.858897
lr__gmsc__smote,lr,gmsc,smote,0,4,thin,1610,210,0.839241
lr__gmsc__smote,lr,gmsc,smote,0,4,general,19389,1193,0.855723
lr__alt__smote,lr,alt,smote,0,0,all,21000,1403,0.913808
lr__alt__smote,lr,alt,smote,0,0,thin,1610,210,0.924037
lr__alt__smote,lr,alt,smote,0,0,general,19390,1193,0.911179
lr__alt__smote,lr,alt,smote,0,1,all,21000,1404,0.912792
lr__alt__smote,lr,alt,smote,0,1,thin,1609,210,0.914735
lr__alt__smote,lr,alt,smote,0,1,general,19391,1194,0.911044
lr__alt__smote,lr,alt,smote,0,2,all,21000,1404,0.917151
lr__alt__smote,lr,alt,smote,0,2,thin,1610,210,0.924626
lr__alt__smote,lr,alt,smote,0,2,general,19390,1194,0.914624
lr__alt__smote,lr,alt,smote,0,3,all,21000,1404,0.916633
lr__alt__smote,lr,alt,smote,0,3,thin,1611,211,0.907292
lr__alt__smote,lr,alt,smote,0,3,general,19389,1193,0.916959
lr__alt__smote,lr,alt,smote,0,4,all,20999,1403,0.911554
lr__alt__smote,lr,alt,smote,0,4,thin,1610,210,0.898548
lr__alt__smote,lr,alt,smote,0,4,general,19389,1193,0.912206
lr__both__smote,lr,both,smote,0,0,all,21000,1403,0.939778
lr__both__smote,lr,both,smote,0,0,thin,1610,210,0.937231
lr__both__smote,lr,both,smote,0,0,general,19390,1193,0.938527
lr__both__smote,lr,both,smote,0,1,all,21000,1404,0.938377
lr__both__smote,lr,both,smote,0,1,thin,1609,210,0.933646
lr__both__smote,lr,both,smote,0,1,general,19391,1194,0.93713
lr__both__smote,lr,both,smote,0,2,all,21000,1404,0.940048
lr__both__smote,lr,both,smote,0,2,thin,1610,210,0.939874
lr__both__smote,lr,both,smote,0,2,general,19390,1194,0.938458
lr__both__smote,lr,both,smote,0,3,all,21000,1404,0.940255
lr__both__smote,lr,both,smote,0,3,thin,1611,211,0.930819
lr__both__smote,lr,both,smote,0,3,general,19389,1193,0.939751
lr__both__smote,lr,both,smote,0,4,all,20999,1403,0.937375
lr__both__smote,lr,both,smote,0,4,thin,1610,210,0.924905
lr__both__smote,lr,both,smote,0,4,general,19389,1193,0.937534
lgbm__gmsc__none,lgbm,gmsc,none,0,0,all,21000,1403,0.856407
lgbm__gmsc__none,lgbm,gmsc,none,0,0,thin,1610,210,0.85134
lgbm__gmsc__none,lgbm,gmsc,none,0,0,general,19390,1193,0.850864
lgbm__gmsc__none,lgbm,gmsc,none,0,1,all,21000,1404,0.863217
lgbm__gmsc__none,lgbm,gmsc,none,0,1,thin,1609,210,0.844641
lgbm__gmsc__none,lgbm,gmsc,none,0,1,general,19391,1194,0.85891
lgbm__gmsc__none,lgbm,gmsc,none,0,2,all,21000,1404,0.864042
lgbm__gmsc__none,lgbm,gmsc,none,0,2,thin,1610,210,0.845464
lgbm__gmsc__none,lgbm,gmsc,none,0,2,general,19390,1194,0.860784
lgbm__gmsc__none,lgbm,gmsc,none,0,3,all,21000,1404,0.861783
lgbm__gmsc__none,lgbm,gmsc,none,0,3,thin,1611,211,0.8499
lgbm__gmsc__none,lgbm,gmsc,none,0,3,general,19389,1193,0.856807
lgbm__gmsc__none,lgbm,gmsc,none,0,4,all,20999,1403,0.865551
lgbm__gmsc__none,lgbm,gmsc,none,0,4,thin,1610,210,0.851556
lgbm__gmsc__none,lgbm,gmsc,none,0,4,general,19389,1193,0.862285
lgbm__alt__none,lgbm,alt,none,0,0,all,21000,1403,0.909425
lgbm__alt__none,lgbm,alt,none,0,0,thin,1610,210,0.918281
lgbm__alt__none,lgbm,alt,none,0,0,general,19390,1193,0.906841
lgbm__alt__none,lgbm,alt,none,0,1,all,21000,1404,0.90921
lgbm__alt__none,lgbm,alt,none,0,1,thin,1609,210,0.912832
lgbm__alt__none,lgbm,alt,none,0,1,general,19391,1194,0.907221
lgbm__alt__none,lgbm,alt,none,0,2,all,21000,1404,0.914349
lgbm__alt__none,lgbm,alt,none,0,2,thin,1610,210,0.926354
lgbm__alt__none,lgbm,alt,none,0,2,general,19390,1194,0.911107
lgbm__alt__none,lgbm,alt,none,0,3,all,21000,1404,0.913955
lgbm__alt__none,lgbm,alt,none,0,3,thin,1611,211,0.908514
lgbm__alt__none,lgbm,alt,none,0,3,general,19389,1193,0.913738
lgbm__alt__none,lgbm,alt,none,0,4,all,20999,1403,0.908751
lgbm__alt__none,lgbm,alt,none,0,4,thin,1610,210,0.896279
lgbm__alt__none,lgbm,alt,none,0,4,general,19389,1193,0.909077
lgbm__both__none,lgbm,both,none,0,0,all,21000,1403,0.941171
lgbm__both__none,lgbm,both,none,0,0,thin,1610,210,0.94033
lgbm__both__none,lgbm,both,none,0,0,general,19390,1193,0.939374
lgbm__both__none,lgbm,both,none,0,1,all,21000,1404,0.939294
lgbm__both__none,lgbm,both,none,0,1,thin,1609,210,0.937496
lgbm__both__none,lgbm,both,none,0,1,general,19391,1194,0.937616
lgbm__both__none,lgbm,both,none,0,2,all,21000,1404,0.943716
lgbm__both__none,lgbm,both,none,0,2,thin,1610,210,0.944259
lgbm__both__none,lgbm,both,none,0,2,general,19390,1194,0.942229
lgbm__both__none,lgbm,both,none,0,3,all,21000,1404,0.94214
lgbm__both__none,lgbm,both,none,0,3,thin,1611,211,0.937566
lgbm__both__none,lgbm,both,none,0,3,general,19389,1193,0.940955
lgbm__both__none,lgbm,both,none,0,4,all,20999,1403,0.940079
lgbm__both__none,lgbm,both,none,0,4,thin,1610,210,0.924561
lgbm__both__none,lgbm,both,none,0,4,general,19389,1193,0.94066
lgbm__gmsc__class_weight,lgbm,gmsc,class_weight,0,0,all,21000,1403,0.852871
lgbm__gmsc__class_weight,lgbm,gmsc,class_weight,0,0,thin,1610,210,0.848116
lgbm__gmsc__class_weight,lgbm,gmsc,class_weight,0,0,general,19390,1193,0.847424
lgbm__gmsc__class_weight,lgbm,gmsc,class_weight,0,1,all,21000,1404,0.859843
lgbm__gmsc__class_weight,lgbm,gmsc,class_weight,0,1,thin,1609,210,0.845425
lgbm__gmsc__class_weight,lgbm,gmsc,class_weight,0,1,general,19391,1194,0.855034
lgbm__gmsc__class_weight,lgbm,gmsc,class_weight,0,2,all,21000,1404,0.86359
lgbm__gmsc__class_weight,lgbm,gmsc,class_weight,0,2,thin,1610,210,0.844631
lgbm__gmsc__class_weight,lgbm,gmsc,class_weight,0,2,general,19390,1194,0.860318
lgbm__gmsc__class_weight,lgbm,gmsc,class_weight,0,3,all,21000,1404,0.860112
lgbm__gmsc__class_weight,lgbm,gmsc,class_weight,0,3,thin,1611,211,0.85509
lgbm__gmsc__class_weight,lgbm,gmsc,class_weight,0,3,general,19389,1193,0.854598
lgbm__gmsc__class_weight,lgbm,gmsc,class_weight,0,4,all,20999,1403,0.86661
lgbm__gmsc__class_weight,lgbm,gmsc,class_weight,0,4,thin,1610,210,0.84926
lgbm__gmsc__class_weight,lgbm,gmsc,class_weight,0,4,general,19389,1193,0.863762
lgbm__alt__class_weight,lgbm,alt,class_weight,0,0,all,21000,1403,0.910719
lgbm__alt__class_weight,lgbm,alt,class_weight,0,0,thin,1610,210,0.919224
lgbm__alt__class_weight,lgbm,alt,class_weight,0,0,general,19390,1193,0.908251
lgbm__alt__class_weight,lgbm,alt,class_weight,0,1,all,21000,1404,0.908136
lgbm__alt__class_weight,lgbm,alt,class_weight,0,1,thin,1609,210,0.911889
lgbm__alt__class_weight,lgbm,alt,class_weight,0,1,general,19391,1194,0.906109
lgbm__alt__class_weight,lgbm,alt,class_weight,0,2,all,21000,1404,0.914546
lgbm__alt__class_weight,lgbm,alt,class_weight,0,2,thin,1610,210,0.925565
lgbm__alt__class_weight,lgbm,alt,class_weight,0,2,general,19390,1194,0.911402
lgbm__alt__class_weight,lgbm,alt,class_weight,0,3,all,21000,1404,0.914048
lgbm__alt__class_weight,lgbm,alt,class_weight,0,3,thin,1611,211,0.909171
lgbm__alt__class_weight,lgbm,alt,class_weight,0,3,general,19389,1193,0.913721
lgbm__alt__class_weight,lgbm,alt,class_weight,0,4,all,20999,1403,0.908975
lgbm__alt__class_weight,lgbm,alt,class_weight,0,4,thin,1610,210,0.896439
lgbm__alt__class_weight,lgbm,alt,class_weight,0,4,general,19389,1193,0.90925
lgbm__both__class_weight,lgbm,both,class_weight,0,0,all,21000,1403,0.941241
lgbm__both__class_weight,lgbm,both,class_weight,0,0,thin,1610,210,0.943259
lgbm__both__class_weight,lgbm,both,class_weight,0,0,general,19390,1193,0.939201
lgbm__both__class_weight,lgbm,both,class_weight,0,1,all,21000,1404,0.939443
lgbm__both__class_weight,lgbm,both,class_weight,0,1,thin,1609,210,0.938807
lgbm__both__class_weight,lgbm,both,class_weight,0,1,general,19391,1194,0.937622
lgbm__both__class_weight,lgbm,both,class_weight,0,2,all,21000,1404,0.942699
lgbm__both__class_weight,lgbm,both,class_weight,0,2,thin,1610,210,0.942891
lgbm__both__class_weight,lgbm,both,class_weight,0,2,general,19390,1194,0.941094
lgbm__both__class_weight,lgbm,both,class_weight,0,3,all,21000,1404,0.941853
lgbm__both__class_weight,lgbm,both,class_weight,0,3,thin,1611,211,0.9372
lgbm__both__class_weight,lgbm,both,class_weight,0,3,general,19389,1193,0.94073
lgbm__both__class_weight,lgbm,both,class_weight,0,4,all,20999,1403,0.938833
lgbm__both__class_weight,lgbm,both,class_weight,0,4,thin,1610,210,0.922459
lgbm__both__class_weight,lgbm,both,class_weight,0,4,general,19389,1193,0.939846
lgbm__gmsc__smote,lgbm,gmsc,smote,0,0,all,21000,1403,0.844645
lgbm__gmsc__smote,lgbm,gmsc,smote,0,0,thin,1610,210,0.823503
lgbm__gmsc__smote,lgbm,gmsc,smote,0,0,general,19390,1193,0.839986
lgbm__gmsc__smote,lgbm,gmsc,smote,0,1,all,21000,1404,0.858341
lgbm__gmsc__smote,lgbm,gmsc,smote,0,1,thin,1609,210,0.83043
lgbm__gmsc__smote,lgbm,gmsc,smote,0,1,general,19391,1194,0.854616
lgbm__gmsc__smote,lgbm,gmsc,smote,0,2,all,21000,1404,0.850368
lgbm__gmsc__smote,lgbm,gmsc,smote,0,2,thin,1610,210,0.816495
lgbm__gmsc__smote,lgbm,gmsc,smote,0,2,general,19390,1194,0.847821
lgbm__gmsc__smote,lgbm,gmsc,smote,0,3,all,21000,1404,0.860156
lgbm__gmsc__smote,lgbm,gmsc,smote,0,3,thin,1611,211,0.834795
lgbm__gmsc__smote,lgbm,gmsc,smote,0,3,general,19389,1193,0.85732
lgbm__gmsc__smote,lgbm,gmsc,smote,0,4,all,20999,1403,0.858139
lgbm__gmsc__smote,lgbm,gmsc,smote,0,4,thin,1610,210,0.843583
lgbm__gmsc__smote,lgbm,gmsc,smote,0,4,general,19389,1193,0.855329
lgbm__alt__smote,lgbm,alt,smote,0,0,all,21000,1403,0.908162
lgbm__alt__smote,lgbm,alt,smote,0,0,thin,1610,210,0.915891
lgbm__alt__smote,lgbm,alt,smote,0,0,general,19390,1193,0.905692
lgbm__alt__smote,lgbm,alt,smote,0,1,all,21000,1404,0.908787
lgbm__alt__smote,lgbm,alt,smote,0,1,thin,1609,210,0.91061
lgbm__alt__smote,lgbm,alt,smote,0,1,general,19391,1194,0.907021
lgbm__alt__smote,lgbm,alt,smote,0,2,all,21000,1404,0.91343
lgbm__alt__smote,lgbm,alt,smote,0,2,thin,1610,210,0.922762
lgbm__alt__smote,lgbm,alt,smote,0,2,general,19390,1194,0.910569
lgbm__alt__smote,lgbm,alt,smote,0,3,all,21000,1404,0.912619
lgbm__alt__smote,lgbm,alt,smote,0,3,thin,1611,211,0.905305
lgbm__alt__smote,lgbm,alt,smote,0,3,general,19389,1193,0.912628
lgbm__alt__smote,lgbm,alt,smote,0,4,all,20999,1403,0.907085
lgbm__alt__smote,lgbm,alt,smote,0,4,thin,1610,210,0.894116
lgbm__alt__smote,lgbm,alt,smote,0,4,general,19389,1193,0.907537
lgbm__both__smote,lgbm,both,smote,0,0,all,21000,1403,0.942445
lgbm__both__smote,lgbm,both,smote,0,0,thin,1610,210,0.940541
lgbm__both__smote,lgbm,both,smote,0,0,general,19390,1193,0.940944
lgbm__both__smote,lgbm,both,smote,0,1,all,21000,1404,0.938991
lgbm__both__smote,lgbm,both,smote,0,1,thin,1609,210,0.93782
lgbm__both__smote,lgbm,both,smote,0,1,general,19391,1194,0.937079
lgbm__both__smote,lgbm,both,smote,0,2,all,21000,1404,0.943118
lgbm__both__smote,lgbm,both,smote,0,2,thin,1610,210,0.942776
lgbm__both__smote,lgbm,both,smote,0,2,general,19390,1194,0.941563
lgbm__both__smote,lgbm,both,smote,0,3,all,21000,1404,0.942829
lgbm__both__smote,lgbm,both,smote,0,3,thin,1611,211,0.937796
lgbm__both__smote,lgbm,both,smote,0,3,general,19389,1193,0.94164
lgbm__both__smote,lgbm,both,smote,0,4,all,20999,1403,0.939837
lgbm__both__smote,lgbm,both,smote,0,4,thin,1610,210,0.92582
lgbm__both__smote,lgbm,both,smote,0,4,general,19389,1193,0.940257
xgb__gmsc__none,xgb,gmsc,none,0,0,all,21000,1403,0.858276
xgb__gmsc__none,xgb,gmsc,none,0,0,thin,1610,210,0.854102
xgb__gmsc__none,xgb,gmsc,none,0,0,general,19390,1193,0.852264
xgb__gmsc__none,xgb,gmsc,none,0,1,all,21000,1404,0.863763
xgb__gmsc__none,xgb,gmsc,none,0,1,thin,1609,210,0.843982
xgb__gmsc__none,xgb,gmsc,none,0,1,general,19391,1194,0.859805
xgb__gmsc__none,xgb,gmsc,none,0,2,all,21000,1404,0.865536
xgb__gmsc__none,xgb,gmsc,none,0,2,thin,1610,210,0.847313
xgb__gmsc__none,xgb,gmsc,none,0,2,general,19390,1194,0.862247
xgb__gmsc__none,xgb,gmsc,none,0,3,all,21000,1404,0.864753
xgb__gmsc__none,xgb,gmsc,none,0,3,thin,1611,211,0.850831
xgb__gmsc__none,xgb,gmsc,none,0,3,general,19389,1193,0.860215
xgb__gmsc__none,xgb,gmsc,none,0,4,all,20999,1403,0.865769
xgb__gmsc__none,xgb,gmsc,none,0,4,thin,1610,210,0.847854
xgb__gmsc__none,xgb,gmsc,none,0,4,general,19389,1193,0.862693
xgb__alt__none,xgb,alt,none,0,0,all,21000,1403,0.910882
xgb__alt__none,xgb,alt,none,0,0,thin,1610,210,0.919998
xgb__alt__none,xgb,alt,none,0,0,general,19390,1193,0.908286
xgb__alt__none,xgb,alt,none,0,1,all,21000,1404,0.910992
xgb__alt__none,xgb,alt,none,0,1,thin,1609,210,0.914578
xgb__alt__none,xgb,alt,none,0,1,general,19391,1194,0.908956
xgb__alt__none,xgb,alt,none,0,2,all,21000,1404,0.916473
xgb__alt__none,xgb,alt,none,0,2,thin,1610,210,0.926286
xgb__alt__none,xgb,alt,none,0,2,general,19390,1194,0.913515
xgb__alt__none,xgb,alt,none,0,3,all,21000,1404,0.914996
xgb__alt__none,xgb,alt,none,0,3,thin,1611,211,0.908995
xgb__alt__none,xgb,alt,none,0,3,general,19389,1193,0.914842
xgb__alt__none,xgb,alt,none,0,4,all,20999,1403,0.910402
xgb__alt__none,xgb,alt,none,0,4,thin,1610,210,0.897299
xgb__alt__none,xgb,alt,none,0,4,general,19389,1193,0.910852
xgb__both__none,xgb,both,none,0,0,all,21000,1403,0.942875
xgb__both__none,xgb,both,none,0,0,thin,1610,210,0.942286
xgb__both__none,xgb,both,none,0,0,general,19390,1193,0.941178
xgb__both__none,xgb,both,none,0,1,all,21000,1404,0.940447
xgb__both__none,xgb,both,none,0,1,thin,1609,210,0.938725
xgb__both__none,xgb,both,none,0,1,general,19391,1194,0.938719
xgb__both__none,xgb,both,none,0,2,all,21000,1404,0.945143
xgb__both__none,xgb,both,none,0,2,thin,1610,210,0.945361
xgb__both__none,xgb,both,none,0,2,general,19390,1194,0.943734
xgb__both__none,xgb,both,none,0,3,all,21000,1404,0.942968
xgb__both__none,xgb,both,none,0,3,thin,1611,211,0.940504
xgb__both__none,xgb,both,none,0,3,general,19389,1193,0.941401
xgb__both__none,xgb,both,none,0,4,all,20999,1403,0.940106
xgb__both__none,xgb,both,none,0,4,thin,1610,210,0.924759
xgb__both__none,xgb,both,none,0,4,general,19389,1193,0.94064
xgb__gmsc__class_weight,xgb,gmsc,class_weight,0,0,all,21000,1403,0.855804
xgb__gmsc__class_weight,xgb,gmsc,class_weight,0,0,thin,1610,210,0.84849
xgb__gmsc__class_weight,xgb,gmsc,class_weight,0,0,general,19390,1193,0.850551
xgb__gmsc__class_weight,xgb,gmsc,class_weight,0,1,all,21000,1404,0.862618
xgb__gmsc__class_weight,xgb,gmsc,class_weight,0,1,thin,1609,210,0.847335
xgb__gmsc__class_weight,xgb,gmsc,class_weight,0,1,general,19391,1194,0.85819
xgb__gmsc__class_weight,xgb,gmsc,class_weight,0,2,all,21000,1404,0.862924
xgb__gmsc__class_weight,xgb,gmsc,class_weight,0,2,thin,1610,210,0.844861
xgb__gmsc__class_weight,xgb,gmsc,class_weight,0,2,general,19390,1194,0.85932
xgb__gmsc__class_weight,xgb,gmsc,class_weight,0,3,all,21000,1404,0.861144
xgb__gmsc__class_weight,xgb,gmsc,class_weight,0,3,thin,1611,211,0.853634
xgb__gmsc__class_weight,xgb,gmsc,class_weight,0,3,general,19389,1193,0.856086
xgb__gmsc__class_weight,xgb,gmsc,class_weight,0,4,all,20999,1403,0.866205
xgb__gmsc__class_weight,xgb,gmsc,class_weight,0,4,thin,1610,210,0.847024
xgb__gmsc__class_weight,xgb,gmsc,class_weight,0,4,general,19389,1193,0.863426
xgb__alt__class_weight,xgb,alt,class_weight,0,0,all,21000,1403,0.911234
xgb__alt__class_weight,xgb,alt,class_weight,0,0,thin,1610,210,0.92018
xgb__alt__class_weight,xgb,alt,class_weight,0,0,general,19390,1193,0.908642
xgb__alt__class_weight,xgb,alt,class_weight,0,1,all,21000,1404,0.910791
xgb__alt__class_weight,xgb,alt,class_weight,0,1,thin,1609,210,0.913435
xgb__alt__class_weight,xgb,alt,class_weight,0,1,general,19391,1194,0.908975
xgb__alt__class_weight,xgb,alt,class_weight,0,2,all,21000,1404,0.915458
xgb__alt__class_weight,xgb,alt,class_weight,0,2,thin,1610,210,0.924973
xgb__alt__class_weight,xgb,alt,class_weight,0,2,general,19390,1194,0.912546
xgb__alt__class_weight,xgb,alt,class_weight,0,3,all,21000,1404,0.914508
xgb__alt__class_weight,xgb,alt,class_weight,0,3,thin,1611,211,0.909621
xgb__alt__class_weight,xgb,alt,class_weight,0,3,general,19389,1193,0.9142
xgb__alt__class_weight,xgb,alt,class_weight,0,4,all,20999,1403,0.909505
xgb__alt__class_weight,xgb,alt,class_weight,0,4,thin,1610,210,0.898156
xgb__alt__class_weight,xgb,alt,class_weight,0,4,general,19389,1193,0.909648
xgb__both__class_weight,xgb,both,class_weight,0,0,all,21000,1403,0.942033
xgb__both__class_weight,xgb,both,class_weight,0,0,thin,1610,210,0.943065
xgb__both__class_weight,xgb,both,class_weight,0,0,general,19390,1193,0.940142
xgb__both__class_weight,xgb,both,class_weight,0,1,all,21000,1404,0.939411
xgb__both__class_weight,xgb,both,class_weight,0,1,thin,1609,210,0.938511
xgb__both__class_weight,xgb,both,class_weight,0,1,general,19391,1194,0.937681
xgb__both__class_weight,xgb,both,class_weight,0,2,all,21000,1404,0.943286
xgb__both__class_weight,xgb,both,class_weight,0,2,thin,1610,210,0.945565
xgb__both__class_weight,xgb,both,class_weight,0,2,general,19390,1194,0.941495
xgb__both__class_weight,xgb,both,class_weight,0,3,all,21000,1404,0.942497
xgb__both__class_weight,xgb,both,class_weight,0,3,thin,1611,211,0.939882
xgb__both__class_weight,xgb,both,class_weight,0,3,general,19389,1193,0.941033
xgb__both__class_weight,xgb,both,class_weight,0,4,all,20999,1403,0.939479
xgb__both__class_weight,xgb,both,class_weight,0,4,thin,1610,210,0.923905
xgb__both__class_weight,xgb,both,class_weight,0,4,general,19389,1193,0.940217
xgb__gmsc__smote,xgb,gmsc,smote,0,0,all,21000,1403,0.844346
xgb__gmsc__smote,xgb,gmsc,smote,0,0,thin,1610,210,0.819549
xgb__gmsc__smote,xgb,gmsc,smote,0,0,general,19390,1193,0.840092
xgb__gmsc__smote,xgb,gmsc,smote,0,1,all,21000,1404,0.854727
xgb__gmsc__smote,xgb,gmsc,smote,0,1,thin,1609,210,0.822177
xgb__gmsc__smote,xgb,gmsc,smote,0,1,general,19391,1194,0.851672
xgb__gmsc__smote,xgb,gmsc,smote,0,2,all,21000,1404,0.848573
xgb__gmsc__smote,xgb,gmsc,smote,0,2,thin,1610,210,0.821202
xgb__gmsc__smote,xgb,gmsc,smote,0,2,general,19390,1194,0.845756
xgb__gmsc__smote,xgb,gmsc,smote,0,3,all,21000,1404,0.855444
xgb__gmsc__smote,xgb,gmsc,smote,0,3,thin,1611,211,0.833693
xgb__gmsc__smote,xgb,gmsc,smote,0,3,general,19389,1193,0.852083
xgb__gmsc__smote,xgb,gmsc,smote,0,4,all,20999,1403,0.854654
xgb__gmsc__smote,xgb,gmsc,smote,0,4,thin,1610,210,0.82768
xgb__gmsc__smote,xgb,gmsc,smote,0,4,general,19389,1193,0.852167
xgb__alt__smote,xgb,alt,smote,0,0,all,21000,1403,0.908968
xgb__alt__smote,xgb,alt,smote,0,0,thin,1610,210,0.920235
xgb__alt__smote,xgb,alt,smote,0,0,general,19390,1193,0.906104
xgb__alt__smote,xgb,alt,smote,0,1,all,21000,1404,0.910429
xgb__alt__smote,xgb,alt,smote,0,1,thin,1609,210,0.914313
xgb__alt__smote,xgb,alt,smote,0,1,general,19391,1194,0.908333
xgb__alt__smote,xgb,alt,smote,0,2,all,21000,1404,0.913817
xgb__alt__smote,xgb,alt,smote,0,2,thin,1610,210,0.92265
xgb__alt__smote,xgb,alt,smote,0,2,general,19390,1194,0.911003
xgb__alt__smote,xgb,alt,smote,0,3,all,21000,1404,0.912935
xgb__alt__smote,xgb,alt,smote,0,3,thin,1611,211,0.905058
xgb__alt__smote,xgb,alt,smote,0,3,general,19389,1193,0.913049
xgb__alt__smote,xgb,alt,smote,0,4,all,20999,1403,0.908432
xgb__alt__smote,xgb,alt,smote,0,4,thin,1610,210,0.894762
xgb__alt__smote,xgb,alt,smote,0,4,general,19389,1193,0.909085
xgb__both__smote,xgb,both,smote,0,0,all,21000,1403,0.94188
xgb__both__smote,xgb,both,smote,0,0,thin,1610,210,0.941085
xgb__both__smote,xgb,both,smote,0,0,general,19390,1193,0.940288
xgb__both__smote,xgb,both,smote,0,1,all,21000,1404,0.939155
xgb__both__smote,xgb,both,smote,0,1,thin,1609,210,0.93896
xgb__both__smote,xgb,both,smote,0,1,general,19391,1194,0.937068
xgb__both__smote,xgb,both,smote,0,2,all,21000,1404,0.94254
xgb__both__smote,xgb,both,smote,0,2,thin,1610,210,0.940915
xgb__both__smote,xgb,both,smote,0,2,general,19390,1194,0.941167
xgb__both__smote,xgb,both,smote,0,3,all,21000,1404,0.940962
xgb__both__smote,xgb,both,smote,0,3,thin,1611,211,0.933724
xgb__both__smote,xgb,both,smote,0,3,general,19389,1193,0.939958
xgb__both__smote,xgb,both,smote,0,4,all,20999,1403,0.938393
xgb__both__smote,xgb,both,smote,0,4,thin,1610,210,0.924014
xgb__both__smote,xgb,both,smote,0,4,general,19389,1193,0.938634
