run_name,model,features,resampling,auc_mean,auc_std,ks_mean,ks_std,thin_auc_mean,thin_auc_std,psi_mean,psi_std,brier_mean,brier_std,precision_mean,precision_std,recall_mean,recall_std,f1_mean,f1_std,seconds,thin_auc_gain_mean,thin_auc_gain_std
lr__gmsc__none,lr,gmsc,none,0.85022,0.00524,0.54199,0.00953,0.83114,0.01003,0.00052,0.00028,0.05048,0.00065,0.26475,0.00439,0.64525,0.00976,0.37542,0.00516,3.2,,
lr__alt__none,lr,alt,none,0.91422,0.00343,0.67197,0.00798,0.91388,0.00854,0.0005,0.00022,0.04385,0.00061,0.31223,0.00507,0.76709,0.00871,0.44379,0.00572,1.8,,
lr__both__none,lr,both,none,0.93935,0.0031,0.72687,0.00983,0.93407,0.00643,0.00056,0.00025,0.03682,0.00067,0.37709,0.00639,0.80493,0.00948,0.51356,0.00704,3.8,0.10294,0.0088
lr__gmsc__class_weight,lr,gmsc,class_weight,0.8554,0.00496,0.55401,0.00808,0.83479,0.00961,0.0006,0.00027,0.14495,0.00154,0.07219,0.0004,0.99487,0.00171,0.1346,0.00068,3.3,,
lr__alt__class_weight,lr,alt,class_weight,0.91448,0.00339,0.6718,0.00768,0.91384,0.00851,0.00049,0.00027,0.12148,0.00175,0.1159,0.00093,0.98783,0.00296,0.20746,0.00147,2.1,,
lr__both__class_weight,lr,both,class_weight,0.93982,0.003,0.72794,0.00979,0.93351,0.00642,0.00054,0.00024,0.09749,0.00168,0.13327,0.00122,0.98703,0.00373,0.23482,0.00185,4.2,0.09872,0.00819
lr__gmsc__smote,lr,gmsc,smote,0.85456,0.00504,0.55193,0.00839,0.83333,0.00957,0.00059,0.00027,0.14549,0.00163,0.07314,0.00045,0.99347,0.00225,0.13625,0.00077,7.3,,
lr__alt__smote,lr,alt,smote,0.91437,0.00341,0.67224,0.00804,0.91391,0.00847,0.00048,0.00026,0.12012,0.00186,0.11897,0.00103,0.98595,0.00314,0.21231,0.00161,3.9,,
lr__both__smote,lr,both,smote,0.93913,0.00306,0.72546,0.00973,0.9334,0.00641,0.00054,0.00022,0.09631,0.00172,0.14011,0.00138,0.98339,0.00387,0.24526,0.00204,5.8,0.10007,0.00845
lgbm__gmsc__none,lgbm,gmsc,none,0.86236,0.00459,0.57268,0.00793,0.84836,0.0103,0.00051,0.00022,0.04907,0.0006,0.27632,0.00416,0.66828,0.00954,0.39095,0.00501,32.5,,
lgbm__alt__none,lgbm,alt,none,0.91129,0.00358,0.66306,0.00914,0.9131,0.00796,0.00061,0.00027,0.04431,0.00061,0.3012,0.00462,0.77016,0.01137,0.43302,0.00561,29.7,,
lgbm__both__none,lgbm,both,none,0.94167,0.00295,0.73434,0.0095,0.93839,0.00709,0.00059,0.00026,0.03595,0.00062,0.40218,0.00707,0.80145,0.01012,0.53554,0.00679,35.1,0.09004,0.00851
lgbm__gmsc__class_weight,lgbm,gmsc,class_weight,0.86112,0.00482,0.57251,0.00989,0.84778,0.01046,0.00061,0.00025,0.13032,0.00152,0.09212,0.00089,0.96788,0.00609,0.16823,0.00144,33.8,,
lgbm__alt__class_weight,lgbm,alt,class_weight,0.91144,0.00379,0.66361,0.00979,0.91264,0.00833,0.00058,0.00031,0.11498,0.00163,0.13425,0.00135,0.97287,0.00623,0.23594,0.00208,32.7,,
lgbm__both__class_weight,lgbm,both,class_weight,0.94107,0.00295,0.73274,0.01056,0.93762,0.0073,0.00063,0.00028,0.08172,0.00152,0.16828,0.00216,0.96714,0.00576,0.28668,0.0031,37.1,0.08983,0.00894
lgbm__gmsc__smote,lgbm,gmsc,smote,0.85396,0.0049,0.56304,0.00914,0.83151,0.01068,0.00054,0.00021,0.0544,0.00078,0.18349,0.00315,0.81103,0.0114,0.29925,0.00429,53.3,,
lgbm__alt__smote,lgbm,alt,smote,0.90983,0.00363,0.65814,0.00925,0.90977,0.00862,0.00054,0.00025,0.04698,0.0007,0.23615,0.00288,0.85121,0.01208,0.36971,0.00384,55.2,,
lgbm__both__smote,lgbm,both,smote,0.94147,0.00291,0.73499,0.00893,0.93769,0.00704,0.00054,0.0002,0.03627,0.00064,0.36552,0.00614,0.82816,0.0104,0.50715,0.00677,62.9,0.10618,0.01137
xgb__gmsc__none,xgb,gmsc,none,0.86365,0.00449,0.57344,0.0088,0.84899,0.01023,0.00059,0.00027,0.04899,0.00061,0.27804,0.00366,0.67008,0.00997,0.39299,0.00467,14.6,,
xgb__alt__none,xgb,alt,none,0.9129,0.00362,0.66537,0.01,0.91418,0.00814,0.00052,0.00027,0.04411,0.00062,0.30094,0.0051,0.77447,0.01009,0.43342,0.00596,12.0,,
xgb__both__none,xgb,both,none,0.94251,0.0029,0.73501,0.00938,0.93908,0.00719,0.00058,0.00023,0.03583,0.00064,0.39761,0.00664,0.80644,0.01023,0.53257,0.00675,16.3,0.0901,0.00866
xgb__gmsc__class_weight,xgb,gmsc,class_weight,0.86209,0.00469,0.57099,0.00913,0.84691,0.0107,0.00053,0.00022,0.13578,0.00151,0.08664,0.00079,0.9778,0.00506,0.15917,0.0013,14.3,,
xgb__alt__class_weight,xgb,alt,class_weight,0.91243,0.00363,0.66468,0.0091,0.91286,0.00824,0.00056,0.00026,0.11845,0.00159,0.12692,0.00135,0.97937,0.0049,0.22472,0.00207,12.6,,
xgb__both__class_weight,xgb,both,class_weight,0.94158,0.00278,0.73336,0.0091,0.93825,0.00722,0.0006,0.0002,0.08665,0.00156,0.15028,0.00158,0.97885,0.00402,0.26056,0.00231,18.2,0.09134,0.00866
xgb__gmsc__smote,xgb,gmsc,smote,0.85105,0.00497,0.55143,0.01106,0.82874,0.01213,0.00053,0.0002,0.06881,0.00111,0.13079,0.00201,0.90009,0.00825,0.22839,0.00313,25.4,,
xgb__alt__smote,xgb,alt,smote,0.9107,0.00344,0.66022,0.0087,0.91136,0.00867,0.00065,0.00028,0.05561,0.00097,0.19828,0.00265,0.90576,0.0084,0.32533,0.00345,17.7,,
xgb__both__smote,xgb,both,smote,0.94046,0.00284,0.73068,0.0083,0.93628,0.0069,0.00066,0.00029,0.03712,0.00067,0.32182,0.00581,0.85668,0.00911,0.46785,0.00656,29.1,0.10754,0.0118
